subject,window_index,label_original,stress_label
S3,0,0,
S3,1,0,
S3,2,0,
S3,3,0,
S3,4,0,
S3,5,0,
S3,6,0,
S3,7,0,
S3,8,0,
S3,9,0,
S3,10,0,
S3,11,0,
S3,12,0,
S3,13,0,
S3,14,0,
S3,15,0,
S3,16,0,
S3,17,0,
S3,18,0,
S3,19,0,
S3,20,0,
S3,21,0,
S3,22,0,
S3,23,0,
S3,24,0,
S3,25,0,
S3,26,0,
S3,27,0,
S3,28,0,
S3,29,0,
S3,30,0,
S3,31,0,
S3,32,0,
S3,33,0,
S3,34,0,
S3,35,0,
S3,36,0,
S3,37,0,
S3,38,0,
S3,39,0,
S3,40,0,
S3,41,0,
S3,42,0,
S3,43,0,
S3,44,0,
S3,45,0,
S3,46,0,
S3,47,0,
S3,48,0,
S3,49,0,
S3,50,0,
S3,51,0,
S3,52,0,
S3,53,0,
S3,54,0,
S3,55,0,
S3,56,0,
S3,57,0,
S3,58,0,
S3,59,0,
S3,60,0,
S3,61,0,
S3,62,0,
S3,63,0,
S3,64,0,
S3,65,0,
S3,66,0,
S3,67,0,
S3,68,0,
S3,69,0,
S3,70,0,
S3,71,0,
S3,72,0,
S3,73,0,
S3,74,0,
S3,75,0,
S3,76,0,
S3,77,0,
S3,78,0,
S3,79,0,
S3,80,0,
S3,81,0,
S3,82,0,
S3,83,0,
S3,84,0,
S3,85,0,
S3,86,0,
S3,87,0,
S3,88,0,
S3,89,0,
S3,90,0,
S3,91,0,
S3,92,0,
S3,93,0,
S3,94,0,
S3,95,0,
S3,96,0,
S3,97,0,
S3,98,0,
S3,99,0,
S3,100,0,
S3,101,0,
S3,102,0,
S3,103,0,
S3,104,0,
S3,105,0,
S3,106,0,
S3,107,0,
S3,108,0,
S3,109,0,
S3,110,0,
S3,111,0,
S3,112,0,
S3,113,0,
S3,114,0,
S3,115,0,
S3,116,0,
S3,117,0,
S3,118,0,
S3,119,0,
S3,120,0,
S3,121,0,
S3,122,0,
S3,123,0,
S3,124,0,
S3,125,0,
S3,126,0,
S3,127,0,
S3,128,0,
S3,129,0,
S3,130,0,
S3,131,0,
S3,132,0,
S3,133,0,
S3,134,0,
S3,135,0,
S3,136,0,
S3,137,0,
S3,138,0,
S3,139,0,
S3,140,0,
S3,141,1,0.0
S3,142,1,0.0
S3,143,1,0.0
S3,144,1,0.0
S3,145,1,0.0
S3,146,1,0.0
S3,147,1,0.0
S3,148,1,0.0
S3,149,1,0.0
S3,150,1,0.0
S3,151,1,0.0
S3,152,1,0.0
S3,153,1,0.0
S3,154,1,0.0
S3,155,1,0.0
S3,156,1,0.0
S3,157,1,0.0
S3,158,1,0.0
S3,159,1,0.0
S3,160,1,0.0
S3,161,1,0.0
S3,162,1,0.0
S3,163,1,0.0
S3,164,1,0.0
S3,165,1,0.0
S3,166,1,0.0
S3,167,1,0.0
S3,168,1,0.0
S3,169,1,0.0
S3,170,1,0.0
S3,171,1,0.0
S3,172,1,0.0
S3,173,1,0.0
S3,174,1,0.0
S3,175,1,0.0
S3,176,1,0.0
S3,177,1,0.0
S3,178,1,0.0
S3,179,1,0.0
S3,180,1,0.0
S3,181,1,0.0
S3,182,1,0.0
S3,183,1,0.0
S3,184,1,0.0
S3,185,1,0.0
S3,186,1,0.0
S3,187,1,0.0
S3,188,1,0.0
S3,189,1,0.0
S3,190,1,0.0
S3,191,1,0.0
S3,192,1,0.0
S3,193,1,0.0
S3,194,1,0.0
S3,195,1,0.0
S3,196,1,0.0
S3,197,1,0.0
S3,198,1,0.0
S3,199,1,0.0
S3,200,1,0.0
S3,201,1,0.0
S3,202,1,0.0
S3,203,1,0.0
S3,204,1,0.0
S3,205,1,0.0
S3,206,1,0.0
S3,207,1,0.0
S3,208,1,0.0
S3,209,1,0.0
S3,210,1,0.0
S3,211,1,0.0
S3,212,1,0.0
S3,213,1,0.0
S3,214,1,0.0
S3,215,1,0.0
S3,216,1,0.0
S3,217,1,0.0
S3,218,1,0.0
S3,219,1,0.0
S3,220,1,0.0
S3,221,1,0.0
S3,222,1,0.0
S3,223,1,0.0
S3,224,1,0.0
S3,225,1,0.0
S3,226,1,0.0
S3,227,1,0.0
S3,228,1,0.0
S3,229,1,0.0
S3,230,1,0.0
S3,231,1,0.0
S3,232,1,0.0
S3,233,1,0.0
S3,234,1,0.0
S3,235,1,0.0
S3,236,1,0.0
S3,237,1,0.0
S3,238,1,0.0
S3,239,1,0.0
S3,240,1,0.0
S3,241,1,0.0
S3,242,1,0.0
S3,243,1,0.0
S3,244,1,0.0
S3,245,1,0.0
S3,246,1,0.0
S3,247,1,0.0
S3,248,1,0.0
S3,249,1,0.0
S3,250,1,0.0
S3,251,1,0.0
S3,252,1,0.0
S3,253,1,0.0
S3,254,1,0.0
S3,255,1,0.0
S3,256,1,0.0
S3,257,1,0.0
S3,258,1,0.0
S3,259,1,0.0
S3,260,1,0.0
S3,261,1,0.0
S3,262,1,0.0
S3,263,1,0.0
S3,264,1,0.0
S3,265,1,0.0
S3,266,1,0.0
S3,267,1,0.0
S3,268,1,0.0
S3,269,1,0.0
S3,270,1,0.0
S3,271,1,0.0
S3,272,1,0.0
S3,273,1,0.0
S3,274,1,0.0
S3,275,1,0.0
S3,276,1,0.0
S3,277,1,0.0
S3,278,1,0.0
S3,279,1,0.0
S3,280,1,0.0
S3,281,1,0.0
S3,282,1,0.0
S3,283,1,0.0
S3,284,1,0.0
S3,285,1,0.0
S3,286,1,0.0
S3,287,1,0.0
S3,288,1,0.0
S3,289,1,0.0
S3,290,1,0.0
S3,291,1,0.0
S3,292,1,0.0
S3,293,1,0.0
S3,294,1,0.0
S3,295,1,0.0
S3,296,1,0.0
S3,297,1,0.0
S3,298,1,0.0
S3,299,1,0.0
S3,300,1,0.0
S3,301,1,0.0
S3,302,1,0.0
S3,303,1,0.0
S3,304,1,0.0
S3,305,1,0.0
S3,306,1,0.0
S3,307,1,0.0
S3,308,1,0.0
S3,309,1,0.0
S3,310,1,0.0
S3,311,1,0.0
S3,312,1,0.0
S3,313,1,0.0
S3,314,1,0.0
S3,315,1,0.0
S3,316,1,0.0
S3,317,1,0.0
S3,318,1,0.0
S3,319,1,0.0
S3,320,1,0.0
S3,321,1,0.0
S3,322,1,0.0
S3,323,1,0.0
S3,324,1,0.0
S3,325,1,0.0
S3,326,1,0.0
S3,327,1,0.0
S3,328,1,0.0
S3,329,1,0.0
S3,330,1,0.0
S3,331,1,0.0
S3,332,1,0.0
S3,333,1,0.0
S3,334,1,0.0
S3,335,1,0.0
S3,336,1,0.0
S3,337,1,0.0
S3,338,1,0.0
S3,339,1,0.0
S3,340,1,0.0
S3,341,1,0.0
S3,342,1,0.0
S3,343,1,0.0
S3,344,1,0.0
S3,345,1,0.0
S3,346,1,0.0
S3,347,1,0.0
S3,348,1,0.0
S3,349,1,0.0
S3,350,1,0.0
S3,351,1,0.0
S3,352,1,0.0
S3,353,1,0.0
S3,354,1,0.0
S3,355,1,0.0
S3,356,1,0.0
S3,357,1,0.0
S3,358,1,0.0
S3,359,1,0.0
S3,360,1,0.0
S3,361,1,0.0
S3,362,1,0.0
S3,363,1,0.0
S3,364,1,0.0
S3,365,1,0.0
S3,366,1,0.0
S3,367,1,0.0
S3,368,1,0.0
S3,369,1,0.0
S3,370,1,0.0
S3,371,1,0.0
S3,372,1,0.0
S3,373,1,0.0
S3,374,1,0.0
S3,375,1,0.0
S3,376,1,0.0
S3,377,1,0.0
S3,378,1,0.0
S3,379,1,0.0
S3,380,1,0.0
S3,381,1,0.0
S3,382,1,0.0
S3,383,1,0.0
S3,384,1,0.0
S3,385,1,0.0
S3,386,1,0.0
S3,387,1,0.0
S3,388,1,0.0
S3,389,1,0.0
S3,390,1,0.0
S3,391,1,0.0
S3,392,1,0.0
S3,393,1,0.0
S3,394,1,0.0
S3,395,1,0.0
S3,396,1,0.0
S3,397,1,0.0
S3,398,1,0.0
S3,399,1,0.0
S3,400,1,0.0
S3,401,1,0.0
S3,402,1,0.0
S3,403,1,0.0
S3,404,1,0.0
S3,405,1,0.0
S3,406,1,0.0
S3,407,1,0.0
S3,408,1,0.0
S3,409,1,0.0
S3,410,1,0.0
S3,411,1,0.0
S3,412,1,0.0
S3,413,1,0.0
S3,414,1,0.0
S3,415,1,0.0
S3,416,1,0.0
S3,417,1,0.0
S3,418,1,0.0
S3,419,1,0.0
S3,420,1,0.0
S3,421,1,0.0
S3,422,1,0.0
S3,423,1,0.0
S3,424,1,0.0
S3,425,1,0.0
S3,426,1,0.0
S3,427,1,0.0
S3,428,1,0.0
S3,429,1,0.0
S3,430,1,0.0
S3,431,1,0.0
S3,432,1,0.0
S3,433,1,0.0
S3,434,1,0.0
S3,435,1,0.0
S3,436,1,0.0
S3,437,1,0.0
S3,438,1,0.0
S3,439,1,0.0
S3,440,1,0.0
S3,441,1,0.0
S3,442,1,0.0
S3,443,1,0.0
S3,444,1,0.0
S3,445,1,0.0
S3,446,1,0.0
S3,447,1,0.0
S3,448,1,0.0
S3,449,1,0.0
S3,450,1,0.0
S3,451,1,0.0
S3,452,1,0.0
S3,453,1,0.0
S3,454,1,0.0
S3,455,1,0.0
S3,456,1,0.0
S3,457,1,0.0
S3,458,1,0.0
S3,459,1,0.0
S3,460,1,0.0
S3,461,1,0.0
S3,462,1,0.0
S3,463,1,0.0
S3,464,1,0.0
S3,465,1,0.0
S3,466,1,0.0
S3,467,1,0.0
S3,468,1,0.0
S3,469,1,0.0
S3,470,1,0.0
S3,471,1,0.0
S3,472,1,0.0
S3,473,1,0.0
S3,474,1,0.0
S3,475,1,0.0
S3,476,1,0.0
S3,477,1,0.0
S3,478,1,0.0
S3,479,1,0.0
S3,480,1,0.0
S3,481,1,0.0
S3,482,1,0.0
S3,483,1,0.0
S3,484,1,0.0
S3,485,1,0.0
S3,486,1,0.0
S3,487,1,0.0
S3,488,1,0.0
S3,489,1,0.0
S3,490,1,0.0
S3,491,1,0.0
S3,492,1,0.0
S3,493,1,0.0
S3,494,1,0.0
S3,495,1,0.0
S3,496,1,0.0
S3,497,1,0.0
S3,498,1,0.0
S3,499,1,0.0
S3,500,1,0.0
S3,501,1,0.0
S3,502,1,0.0
S3,503,1,0.0
S3,504,1,0.0
S3,505,1,0.0
S3,506,1,0.0
S3,507,1,0.0
S3,508,1,0.0
S3,509,1,0.0
S3,510,1,0.0
S3,511,1,0.0
S3,512,1,0.0
S3,513,1,0.0
S3,514,1,0.0
S3,515,1,0.0
S3,516,1,0.0
S3,517,1,0.0
S3,518,1,0.0
S3,519,1,0.0
S3,520,1,0.0
S3,521,1,0.0
S3,522,1,0.0
S3,523,1,0.0
S3,524,1,0.0
S3,525,1,0.0
S3,526,1,0.0
S3,527,1,0.0
S3,528,1,0.0
S3,529,1,0.0
S3,530,1,0.0
S3,531,1,0.0
S3,532,1,0.0
S3,533,1,0.0
S3,534,1,0.0
S3,535,1,0.0
S3,536,1,0.0
S3,537,1,0.0
S3,538,1,0.0
S3,539,1,0.0
S3,540,1,0.0
S3,541,1,0.0
S3,542,1,0.0
S3,543,1,0.0
S3,544,1,0.0
S3,545,1,0.0
S3,546,1,0.0
S3,547,1,0.0
S3,548,1,0.0
S3,549,1,0.0
S3,550,1,0.0
S3,551,1,0.0
S3,552,1,0.0
S3,553,1,0.0
S3,554,1,0.0
S3,555,1,0.0
S3,556,1,0.0
S3,557,1,0.0
S3,558,1,0.0
S3,559,1,0.0
S3,560,1,0.0
S3,561,1,0.0
S3,562,1,0.0
S3,563,1,0.0
S3,564,1,0.0
S3,565,1,0.0
S3,566,1,0.0
S3,567,1,0.0
S3,568,1,0.0
S3,569,1,0.0
S3,570,1,0.0
S3,571,1,0.0
S3,572,1,0.0
S3,573,1,0.0
S3,574,1,0.0
S3,575,1,0.0
S3,576,1,0.0
S3,577,1,0.0
S3,578,1,0.0
S3,579,1,0.0
S3,580,1,0.0
S3,581,1,0.0
S3,582,1,0.0
S3,583,1,0.0
S3,584,1,0.0
S3,585,1,0.0
S3,586,1,0.0
S3,587,1,0.0
S3,588,1,0.0
S3,589,1,0.0
S3,590,1,0.0
S3,591,1,0.0
S3,592,1,0.0
S3,593,1,0.0
S3,594,1,0.0
S3,595,1,0.0
S3,596,1,0.0
S3,597,0,
S3,598,0,
S3,599,0,
S3,600,0,
S3,601,0,
S3,602,0,
S3,603,0,
S3,604,0,
S3,605,0,
S3,606,0,
S3,607,0,
S3,608,0,
S3,609,0,
S3,610,0,
S3,611,0,
S3,612,0,
S3,613,0,
S3,614,5,
S3,615,5,
S3,616,5,
S3,617,5,
S3,618,5,
S3,619,5,
S3,620,5,
S3,621,5,
S3,622,5,
S3,623,5,
S3,624,5,
S3,625,5,
S3,626,5,
S3,627,5,
S3,628,5,
S3,629,5,
S3,630,5,
S3,631,5,
S3,632,5,
S3,633,5,
S3,634,5,
S3,635,5,
S3,636,5,
S3,637,5,
S3,638,5,
S3,639,5,
S3,640,5,
S3,641,5,
S3,642,5,
S3,643,0,
S3,644,0,
S3,645,0,
S3,646,0,
S3,647,0,
S3,648,0,
S3,649,0,
S3,650,0,
S3,651,0,
S3,652,0,
S3,653,0,
S3,654,0,
S3,655,0,
S3,656,0,
S3,657,0,
S3,658,0,
S3,659,0,
S3,660,0,
S3,661,0,
S3,662,0,
S3,663,0,
S3,664,0,
S3,665,0,
S3,666,0,
S3,667,0,
S3,668,0,
S3,669,0,
S3,670,0,
S3,671,0,
S3,672,0,
S3,673,0,
S3,674,0,
S3,675,0,
S3,676,0,
S3,677,0,
S3,678,0,
S3,679,0,
S3,680,0,
S3,681,0,
S3,682,0,
S3,683,0,
S3,684,0,
S3,685,0,
S3,686,0,
S3,687,0,
S3,688,0,
S3,689,0,
S3,690,0,
S3,691,0,
S3,692,0,
S3,693,0,
S3,694,0,
S3,695,0,
S3,696,0,
S3,697,0,
S3,698,0,
S3,699,0,
S3,700,0,
S3,701,0,
S3,702,0,
S3,703,0,
S3,704,0,
S3,705,0,
S3,706,0,
S3,707,0,
S3,708,0,
S3,709,0,
S3,710,0,
S3,711,0,
S3,712,0,
S3,713,0,
S3,714,0,
S3,715,0,
S3,716,0,
S3,717,0,
S3,718,0,
S3,719,0,
S3,720,0,
S3,721,0,
S3,722,0,
S3,723,0,
S3,724,0,
S3,725,0,
S3,726,0,
S3,727,0,
S3,728,0,
S3,729,0,
S3,730,0,
S3,731,0,
S3,732,0,
S3,733,0,
S3,734,0,
S3,735,0,
S3,736,0,
S3,737,0,
S3,738,0,
S3,739,0,
S3,740,0,
S3,741,0,
S3,742,0,
S3,743,0,
S3,744,0,
S3,745,0,
S3,746,0,
S3,747,0,
S3,748,0,
S3,749,0,
S3,750,0,
S3,751,0,
S3,752,0,
S3,753,0,
S3,754,0,
S3,755,0,
S3,756,0,
S3,757,0,
S3,758,0,
S3,759,0,
S3,760,0,
S3,761,0,
S3,762,0,
S3,763,0,
S3,764,0,
S3,765,0,
S3,766,0,
S3,767,0,
S3,768,0,
S3,769,0,
S3,770,0,
S3,771,0,
S3,772,0,
S3,773,0,
S3,774,0,
S3,775,0,
S3,776,0,
S3,777,0,
S3,778,0,
S3,779,0,
S3,780,0,
S3,781,0,
S3,782,0,
S3,783,0,
S3,784,0,
S3,785,0,
S3,786,0,
S3,787,0,
S3,788,0,
S3,789,0,
S3,790,0,
S3,791,0,
S3,792,0,
S3,793,0,
S3,794,0,
S3,795,0,
S3,796,0,
S3,797,0,
S3,798,0,
S3,799,0,
S3,800,0,
S3,801,0,
S3,802,0,
S3,803,0,
S3,804,0,
S3,805,0,
S3,806,0,
S3,807,0,
S3,808,0,
S3,809,0,
S3,810,0,
S3,811,0,
S3,812,0,
S3,813,0,
S3,814,0,
S3,815,0,
S3,816,0,
S3,817,0,
S3,818,0,
S3,819,0,
S3,820,0,
S3,821,0,
S3,822,0,
S3,823,0,
S3,824,0,
S3,825,0,
S3,826,0,
S3,827,0,
S3,828,0,
S3,829,0,
S3,830,0,
S3,831,0,
S3,832,0,
S3,833,0,
S3,834,0,
S3,835,0,
S3,836,0,
S3,837,0,
S3,838,0,
S3,839,0,
S3,840,0,
S3,841,0,
S3,842,0,
S3,843,0,
S3,844,0,
S3,845,0,
S3,846,0,
S3,847,0,
S3,848,0,
S3,849,0,
S3,850,0,
S3,851,0,
S3,852,0,
S3,853,0,
S3,854,0,
S3,855,0,
S3,856,0,
S3,857,0,
S3,858,0,
S3,859,0,
S3,860,0,
S3,861,0,
S3,862,0,
S3,863,0,
S3,864,0,
S3,865,0,
S3,866,0,
S3,867,0,
S3,868,0,
S3,869,0,
S3,870,0,
S3,871,0,
S3,872,0,
S3,873,0,
S3,874,0,
S3,875,0,
S3,876,0,
S3,877,0,
S3,878,0,
S3,879,0,
S3,880,0,
S3,881,0,
S3,882,0,
S3,883,0,
S3,884,0,
S3,885,0,
S3,886,0,
S3,887,0,
S3,888,0,
S3,889,0,
S3,890,0,
S3,891,0,
S3,892,0,
S3,893,0,
S3,894,0,
S3,895,0,
S3,896,0,
S3,897,2,1.0
S3,898,2,1.0
S3,899,2,1.0
S3,900,2,1.0
S3,901,2,1.0
S3,902,2,1.0
S3,903,2,1.0
S3,904,2,1.0
S3,905,2,1.0
S3,906,2,1.0
S3,907,2,1.0
S3,908,2,1.0
S3,909,2,1.0
S3,910,2,1.0
S3,911,2,1.0
S3,912,2,1.0
S3,913,2,1.0
S3,914,2,1.0
S3,915,2,1.0
S3,916,2,1.0
S3,917,2,1.0
S3,918,2,1.0
S3,919,2,1.0
S3,920,2,1.0
S3,921,2,1.0
S3,922,2,1.0
S3,923,2,1.0
S3,924,2,1.0
S3,925,2,1.0
S3,926,2,1.0
S3,927,2,1.0
S3,928,2,1.0
S3,929,2,1.0
S3,930,2,1.0
S3,931,2,1.0
S3,932,2,1.0
S3,933,2,1.0
S3,934,2,1.0
S3,935,2,1.0
S3,936,2,1.0
S3,937,2,1.0
S3,938,2,1.0
S3,939,2,1.0
S3,940,2,1.0
S3,941,2,1.0
S3,942,2,1.0
S3,943,2,1.0
S3,944,2,1.0
S3,945,2,1.0
S3,946,2,1.0
S3,947,2,1.0
S3,948,2,1.0
S3,949,2,1.0
S3,950,2,1.0
S3,951,2,1.0
S3,952,2,1.0
S3,953,2,1.0
S3,954,2,1.0
S3,955,2,1.0
S3,956,2,1.0
S3,957,2,1.0
S3,958,2,1.0
S3,959,2,1.0
S3,960,2,1.0
S3,961,2,1.0
S3,962,2,1.0
S3,963,2,1.0
S3,964,2,1.0
S3,965,2,1.0
S3,966,2,1.0
S3,967,2,1.0
S3,968,2,1.0
S3,969,2,1.0
S3,970,2,1.0
S3,971,2,1.0
S3,972,2,1.0
S3,973,2,1.0
S3,974,2,1.0
S3,975,2,1.0
S3,976,2,1.0
S3,977,2,1.0
S3,978,2,1.0
S3,979,2,1.0
S3,980,2,1.0
S3,981,2,1.0
S3,982,2,1.0
S3,983,2,1.0
S3,984,2,1.0
S3,985,2,1.0
S3,986,2,1.0
S3,987,2,1.0
S3,988,2,1.0
S3,989,2,1.0
S3,990,2,1.0
S3,991,2,1.0
S3,992,2,1.0
S3,993,2,1.0
S3,994,2,1.0
S3,995,2,1.0
S3,996,2,1.0
S3,997,2,1.0
S3,998,2,1.0
S3,999,2,1.0
S3,1000,2,1.0
S3,1001,2,1.0
S3,1002,2,1.0
S3,1003,2,1.0
S3,1004,2,1.0
S3,1005,2,1.0
S3,1006,2,1.0
S3,1007,2,1.0
S3,1008,2,1.0
S3,1009,2,1.0
S3,1010,2,1.0
S3,1011,2,1.0
S3,1012,2,1.0
S3,1013,2,1.0
S3,1014,2,1.0
S3,1015,2,1.0
S3,1016,2,1.0
S3,1017,2,1.0
S3,1018,2,1.0
S3,1019,2,1.0
S3,1020,2,1.0
S3,1021,2,1.0
S3,1022,2,1.0
S3,1023,2,1.0
S3,1024,2,1.0
S3,1025,2,1.0
S3,1026,2,1.0
S3,1027,2,1.0
S3,1028,2,1.0
S3,1029,2,1.0
S3,1030,2,1.0
S3,1031,2,1.0
S3,1032,2,1.0
S3,1033,2,1.0
S3,1034,2,1.0
S3,1035,2,1.0
S3,1036,2,1.0
S3,1037,2,1.0
S3,1038,2,1.0
S3,1039,2,1.0
S3,1040,2,1.0
S3,1041,2,1.0
S3,1042,2,1.0
S3,1043,2,1.0
S3,1044,2,1.0
S3,1045,2,1.0
S3,1046,2,1.0
S3,1047,2,1.0
S3,1048,2,1.0
S3,1049,2,1.0
S3,1050,2,1.0
S3,1051,2,1.0
S3,1052,2,1.0
S3,1053,2,1.0
S3,1054,2,1.0
S3,1055,2,1.0
S3,1056,2,1.0
S3,1057,2,1.0
S3,1058,2,1.0
S3,1059,2,1.0
S3,1060,2,1.0
S3,1061,2,1.0
S3,1062,2,1.0
S3,1063,2,1.0
S3,1064,2,1.0
S3,1065,2,1.0
S3,1066,2,1.0
S3,1067,2,1.0
S3,1068,2,1.0
S3,1069,2,1.0
S3,1070,2,1.0
S3,1071,2,1.0
S3,1072,2,1.0
S3,1073,2,1.0
S3,1074,2,1.0
S3,1075,2,1.0
S3,1076,2,1.0
S3,1077,2,1.0
S3,1078,2,1.0
S3,1079,2,1.0
S3,1080,2,1.0
S3,1081,2,1.0
S3,1082,2,1.0
S3,1083,2,1.0
S3,1084,2,1.0
S3,1085,2,1.0
S3,1086,2,1.0
S3,1087,2,1.0
S3,1088,2,1.0
S3,1089,2,1.0
S3,1090,2,1.0
S3,1091,2,1.0
S3,1092,2,1.0
S3,1093,2,1.0
S3,1094,2,1.0
S3,1095,2,1.0
S3,1096,2,1.0
S3,1097,2,1.0
S3,1098,2,1.0
S3,1099,2,1.0
S3,1100,2,1.0
S3,1101,2,1.0
S3,1102,2,1.0
S3,1103,2,1.0
S3,1104,2,1.0
S3,1105,2,1.0
S3,1106,2,1.0
S3,1107,2,1.0
S3,1108,2,1.0
S3,1109,2,1.0
S3,1110,2,1.0
S3,1111,2,1.0
S3,1112,2,1.0
S3,1113,2,1.0
S3,1114,2,1.0
S3,1115,2,1.0
S3,1116,2,1.0
S3,1117,2,1.0
S3,1118,2,1.0
S3,1119,2,1.0
S3,1120,2,1.0
S3,1121,2,1.0
S3,1122,2,1.0
S3,1123,2,1.0
S3,1124,2,1.0
S3,1125,2,1.0
S3,1126,2,1.0
S3,1127,2,1.0
S3,1128,2,1.0
S3,1129,2,1.0
S3,1130,2,1.0
S3,1131,2,1.0
S3,1132,2,1.0
S3,1133,2,1.0
S3,1134,2,1.0
S3,1135,2,1.0
S3,1136,2,1.0
S3,1137,2,1.0
S3,1138,2,1.0
S3,1139,2,1.0
S3,1140,2,1.0
S3,1141,2,1.0
S3,1142,2,1.0
S3,1143,2,1.0
S3,1144,2,1.0
S3,1145,2,1.0
S3,1146,2,1.0
S3,1147,2,1.0
S3,1148,2,1.0
S3,1149,2,1.0
S3,1150,2,1.0
S3,1151,2,1.0
S3,1152,2,1.0
S3,1153,0,
S3,1154,0,
S3,1155,0,
S3,1156,0,
S3,1157,0,
S3,1158,0,
S3,1159,0,
S3,1160,0,
S3,1161,0,
S3,1162,0,
S3,1163,0,
S3,1164,0,
S3,1165,0,
S3,1166,0,
S3,1167,0,
S3,1168,0,
S3,1169,0,
S3,1170,0,
S3,1171,0,
S3,1172,0,
S3,1173,0,
S3,1174,0,
S3,1175,0,
S3,1176,0,
S3,1177,0,
S3,1178,0,
S3,1179,0,
S3,1180,0,
S3,1181,0,
S3,1182,0,
S3,1183,0,
S3,1184,0,
S3,1185,0,
S3,1186,0,
S3,1187,0,
S3,1188,0,
S3,1189,0,
S3,1190,0,
S3,1191,0,
S3,1192,0,
S3,1193,0,
S3,1194,0,
S3,1195,0,
S3,1196,0,
S3,1197,0,
S3,1198,0,
S3,1199,0,
S3,1200,0,
S3,1201,0,
S3,1202,0,
S3,1203,0,
S3,1204,0,
S3,1205,0,
S3,1206,0,
S3,1207,0,
S3,1208,0,
S3,1209,0,
S3,1210,0,
S3,1211,0,
S3,1212,0,
S3,1213,0,
S3,1214,0,
S3,1215,0,
S3,1216,0,
S3,1217,0,
S3,1218,0,
S3,1219,0,
S3,1220,0,
S3,1221,0,
S3,1222,0,
S3,1223,0,
S3,1224,0,
S3,1225,0,
S3,1226,0,
S3,1227,0,
S3,1228,0,
S3,1229,0,
S3,1230,0,
S3,1231,0,
S3,1232,0,
S3,1233,0,
S3,1234,0,
S3,1235,0,
S3,1236,0,
S3,1237,0,
S3,1238,0,
S3,1239,0,
S3,1240,0,
S3,1241,0,
S3,1242,0,
S3,1243,0,
S3,1244,0,
S3,1245,0,
S3,1246,0,
S3,1247,0,
S3,1248,0,
S3,1249,0,
S3,1250,0,
S3,1251,0,
S3,1252,0,
S3,1253,0,
S3,1254,0,
S3,1255,0,
S3,1256,0,
S3,1257,0,
S3,1258,0,
S3,1259,0,
S3,1260,0,
S3,1261,0,
S3,1262,0,
S3,1263,0,
S3,1264,0,
S3,1265,0,
S3,1266,0,
S3,1267,0,
S3,1268,0,
S3,1269,0,
S3,1270,0,
S3,1271,0,
S3,1272,0,
S3,1273,0,
S3,1274,0,
S3,1275,0,
S3,1276,0,
S3,1277,6,
S3,1278,6,
S3,1279,6,
S3,1280,6,
S3,1281,6,
S3,1282,6,
S3,1283,6,
S3,1284,6,
S3,1285,6,
S3,1286,6,
S3,1287,6,
S3,1288,6,
S3,1289,6,
S3,1290,6,
S3,1291,6,
S3,1292,6,
S3,1293,6,
S3,1294,6,
S3,1295,6,
S3,1296,6,
S3,1297,6,
S3,1298,6,
S3,1299,6,
S3,1300,6,
S3,1301,6,
S3,1302,6,
S3,1303,0,
S3,1304,0,
S3,1305,0,
S3,1306,0,
S3,1307,0,
S3,1308,0,
S3,1309,0,
S3,1310,0,
S3,1311,0,
S3,1312,0,
S3,1313,0,
S3,1314,0,
S3,1315,0,
S3,1316,0,
S3,1317,0,
S3,1318,0,
S3,1319,0,
S3,1320,0,
S3,1321,0,
S3,1322,0,
S3,1323,0,
S3,1324,0,
S3,1325,0,
S3,1326,0,
S3,1327,0,
S3,1328,0,
S3,1329,0,
S3,1330,0,
S3,1331,0,
S3,1332,0,
S3,1333,0,
S3,1334,0,
S3,1335,0,
S3,1336,0,
S3,1337,0,
S3,1338,0,
S3,1339,0,
S3,1340,0,
S3,1341,0,
S3,1342,0,
S3,1343,0,
S3,1344,0,
S3,1345,0,
S3,1346,0,
S3,1347,0,
S3,1348,0,
S3,1349,0,
S3,1350,0,
S3,1351,0,
S3,1352,0,
S3,1353,0,
S3,1354,0,
S3,1355,0,
S3,1356,0,
S3,1357,0,
S3,1358,0,
S3,1359,0,
S3,1360,0,
S3,1361,0,
S3,1362,0,
S3,1363,0,
S3,1364,0,
S3,1365,0,
S3,1366,0,
S3,1367,0,
S3,1368,0,
S3,1369,0,
S3,1370,0,
S3,1371,0,
S3,1372,0,
S3,1373,0,
S3,1374,0,
S3,1375,0,
S3,1376,0,
S3,1377,0,
S3,1378,0,
S3,1379,0,
S3,1380,0,
S3,1381,0,
S3,1382,0,
S3,1383,0,
S3,1384,0,
S3,1385,0,
S3,1386,0,
S3,1387,0,
S3,1388,0,
S3,1389,0,
S3,1390,0,
S3,1391,0,
S3,1392,0,
S3,1393,0,
S3,1394,0,
S3,1395,0,
S3,1396,0,
S3,1397,0,
S3,1398,0,
S3,1399,0,
S3,1400,0,
S3,1401,0,
S3,1402,0,
S3,1403,0,
S3,1404,0,
S3,1405,0,
S3,1406,0,
S3,1407,0,
S3,1408,0,
S3,1409,0,
S3,1410,0,
S3,1411,0,
S3,1412,0,
S3,1413,0,
S3,1414,0,
S3,1415,0,
S3,1416,0,
S3,1417,0,
S3,1418,0,
S3,1419,0,
S3,1420,0,
S3,1421,0,
S3,1422,0,
S3,1423,0,
S3,1424,0,
S3,1425,0,
S3,1426,0,
S3,1427,0,
S3,1428,0,
S3,1429,0,
S3,1430,0,
S3,1431,0,
S3,1432,0,
S3,1433,0,
S3,1434,0,
S3,1435,0,
S3,1436,0,
S3,1437,0,
S3,1438,0,
S3,1439,0,
S3,1440,0,
S3,1441,0,
S3,1442,0,
S3,1443,0,
S3,1444,0,
S3,1445,0,
S3,1446,0,
S3,1447,0,
S3,1448,0,
S3,1449,0,
S3,1450,0,
S3,1451,0,
S3,1452,0,
S3,1453,0,
S3,1454,0,
S3,1455,0,
S3,1456,0,
S3,1457,0,
S3,1458,0,
S3,1459,0,
S3,1460,0,
S3,1461,0,
S3,1462,0,
S3,1463,0,
S3,1464,0,
S3,1465,0,
S3,1466,0,
S3,1467,0,
S3,1468,0,
S3,1469,0,
S3,1470,0,
S3,1471,0,
S3,1472,0,
S3,1473,0,
S3,1474,0,
S3,1475,0,
S3,1476,0,
S3,1477,0,
S3,1478,0,
S3,1479,0,
S3,1480,0,
S3,1481,0,
S3,1482,0,
S3,1483,0,
S3,1484,0,
S3,1485,0,
S3,1486,0,
S3,1487,0,
S3,1488,0,
S3,1489,0,
S3,1490,0,
S3,1491,0,
S3,1492,0,
S3,1493,0,
S3,1494,0,
S3,1495,0,
S3,1496,0,
S3,1497,0,
S3,1498,0,
S3,1499,0,
S3,1500,0,
S3,1501,0,
S3,1502,0,
S3,1503,0,
S3,1504,0,
S3,1505,0,
S3,1506,0,
S3,1507,0,
S3,1508,0,
S3,1509,0,
S3,1510,0,
S3,1511,0,
S3,1512,0,
S3,1513,0,
S3,1514,0,
S3,1515,0,
S3,1516,0,
S3,1517,0,
S3,1518,0,
S3,1519,0,
S3,1520,0,
S3,1521,0,
S3,1522,0,
S3,1523,0,
S3,1524,0,
S3,1525,0,
S3,1526,0,
S3,1527,0,
S3,1528,0,
S3,1529,0,
S3,1530,0,
S3,1531,0,
S3,1532,0,
S3,1533,0,
S3,1534,0,
S3,1535,0,
S3,1536,0,
S3,1537,0,
S3,1538,0,
S3,1539,0,
S3,1540,0,
S3,1541,0,
S3,1542,0,
S3,1543,0,
S3,1544,0,
S3,1545,0,
S3,1546,0,
S3,1547,0,
S3,1548,0,
S3,1549,0,
S3,1550,0,
S3,1551,0,
S3,1552,0,
S3,1553,0,
S3,1554,0,
S3,1555,0,
S3,1556,0,
S3,1557,0,
S3,1558,0,
S3,1559,0,
S3,1560,0,
S3,1561,0,
S3,1562,0,
S3,1563,0,
S3,1564,0,
S3,1565,0,
S3,1566,0,
S3,1567,0,
S3,1568,0,
S3,1569,0,
S3,1570,0,
S3,1571,0,
S3,1572,0,
S3,1573,0,
S3,1574,0,
S3,1575,0,
S3,1576,0,
S3,1577,0,
S3,1578,0,
S3,1579,0,
S3,1580,0,
S3,1581,0,
S3,1582,0,
S3,1583,0,
S3,1584,0,
S3,1585,0,
S3,1586,0,
S3,1587,0,
S3,1588,0,
S3,1589,0,
S3,1590,0,
S3,1591,0,
S3,1592,0,
S3,1593,0,
S3,1594,0,
S3,1595,0,
S3,1596,0,
S3,1597,0,
S3,1598,0,
S3,1599,0,
S3,1600,0,
S3,1601,0,
S3,1602,0,
S3,1603,0,
S3,1604,0,
S3,1605,0,
S3,1606,0,
S3,1607,0,
S3,1608,0,
S3,1609,0,
S3,1610,0,
S3,1611,0,
S3,1612,0,
S3,1613,0,
S3,1614,0,
S3,1615,0,
S3,1616,0,
S3,1617,0,
S3,1618,0,
S3,1619,0,
S3,1620,0,
S3,1621,0,
S3,1622,0,
S3,1623,0,
S3,1624,0,
S3,1625,0,
S3,1626,0,
S3,1627,0,
S3,1628,0,
S3,1629,0,
S3,1630,0,
S3,1631,0,
S3,1632,0,
S3,1633,0,
S3,1634,0,
S3,1635,0,
S3,1636,0,
S3,1637,0,
S3,1638,0,
S3,1639,0,
S3,1640,0,
S3,1641,0,
S3,1642,0,
S3,1643,0,
S3,1644,0,
S3,1645,0,
S3,1646,0,
S3,1647,0,
S3,1648,0,
S3,1649,0,
S3,1650,0,
S3,1651,0,
S3,1652,0,
S3,1653,0,
S3,1654,0,
S3,1655,0,
S3,1656,0,
S3,1657,0,
S3,1658,0,
S3,1659,0,
S3,1660,0,
S3,1661,0,
S3,1662,0,
S3,1663,0,
S3,1664,0,
S3,1665,0,
S3,1666,0,
S3,1667,0,
S3,1668,0,
S3,1669,0,
S3,1670,0,
S3,1671,0,
S3,1672,0,
S3,1673,0,
S3,1674,0,
S3,1675,0,
S3,1676,0,
S3,1677,0,
S3,1678,0,
S3,1679,0,
S3,1680,0,
S3,1681,0,
S3,1682,0,
S3,1683,0,
S3,1684,0,
S3,1685,0,
S3,1686,0,
S3,1687,0,
S3,1688,0,
S3,1689,0,
S3,1690,0,
S3,1691,0,
S3,1692,0,
S3,1693,0,
S3,1694,0,
S3,1695,0,
S3,1696,0,
S3,1697,0,
S3,1698,0,
S3,1699,0,
S3,1700,0,
S3,1701,0,
S3,1702,0,
S3,1703,0,
S3,1704,0,
S3,1705,0,
S3,1706,0,
S3,1707,0,
S3,1708,0,
S3,1709,0,
S3,1710,0,
S3,1711,0,
S3,1712,0,
S3,1713,0,
S3,1714,0,
S3,1715,0,
S3,1716,0,
S3,1717,0,
S3,1718,4,
S3,1719,4,
S3,1720,4,
S3,1721,4,
S3,1722,4,
S3,1723,4,
S3,1724,4,
S3,1725,4,
S3,1726,4,
S3,1727,4,
S3,1728,4,
S3,1729,4,
S3,1730,4,
S3,1731,4,
S3,1732,4,
S3,1733,4,
S3,1734,4,
S3,1735,4,
S3,1736,4,
S3,1737,4,
S3,1738,4,
S3,1739,4,
S3,1740,4,
S3,1741,4,
S3,1742,4,
S3,1743,4,
S3,1744,4,
S3,1745,4,
S3,1746,4,
S3,1747,4,
S3,1748,4,
S3,1749,4,
S3,1750,4,
S3,1751,4,
S3,1752,4,
S3,1753,4,
S3,1754,4,
S3,1755,4,
S3,1756,4,
S3,1757,4,
S3,1758,4,
S3,1759,4,
S3,1760,4,
S3,1761,4,
S3,1762,4,
S3,1763,4,
S3,1764,4,
S3,1765,4,
S3,1766,4,
S3,1767,4,
S3,1768,4,
S3,1769,4,
S3,1770,4,
S3,1771,4,
S3,1772,4,
S3,1773,4,
S3,1774,4,
S3,1775,4,
S3,1776,4,
S3,1777,4,
S3,1778,4,
S3,1779,4,
S3,1780,4,
S3,1781,4,
S3,1782,4,
S3,1783,4,
S3,1784,4,
S3,1785,4,
S3,1786,4,
S3,1787,4,
S3,1788,4,
S3,1789,4,
S3,1790,4,
S3,1791,4,
S3,1792,4,
S3,1793,4,
S3,1794,4,
S3,1795,4,
S3,1796,4,
S3,1797,4,
S3,1798,4,
S3,1799,4,
S3,1800,4,
S3,1801,4,
S3,1802,4,
S3,1803,4,
S3,1804,4,
S3,1805,4,
S3,1806,4,
S3,1807,4,
S3,1808,4,
S3,1809,4,
S3,1810,4,
S3,1811,4,
S3,1812,4,
S3,1813,4,
S3,1814,4,
S3,1815,4,
S3,1816,4,
S3,1817,4,
S3,1818,4,
S3,1819,4,
S3,1820,4,
S3,1821,4,
S3,1822,4,
S3,1823,4,
S3,1824,4,
S3,1825,4,
S3,1826,4,
S3,1827,4,
S3,1828,4,
S3,1829,4,
S3,1830,4,
S3,1831,4,
S3,1832,4,
S3,1833,4,
S3,1834,4,
S3,1835,4,
S3,1836,4,
S3,1837,4,
S3,1838,4,
S3,1839,4,
S3,1840,4,
S3,1841,4,
S3,1842,4,
S3,1843,4,
S3,1844,4,
S3,1845,4,
S3,1846,4,
S3,1847,4,
S3,1848,4,
S3,1849,4,
S3,1850,4,
S3,1851,4,
S3,1852,4,
S3,1853,4,
S3,1854,4,
S3,1855,4,
S3,1856,4,
S3,1857,4,
S3,1858,4,
S3,1859,4,
S3,1860,4,
S3,1861,4,
S3,1862,4,
S3,1863,4,
S3,1864,4,
S3,1865,4,
S3,1866,4,
S3,1867,4,
S3,1868,4,
S3,1869,4,
S3,1870,4,
S3,1871,4,
S3,1872,4,
S3,1873,4,
S3,1874,4,
S3,1875,4,
S3,1876,4,
S3,1877,4,
S3,1878,4,
S3,1879,0,
S3,1880,0,
S3,1881,0,
S3,1882,0,
S3,1883,0,
S3,1884,0,
S3,1885,0,
S3,1886,0,
S3,1887,0,
S3,1888,0,
S3,1889,0,
S3,1890,0,
S3,1891,0,
S3,1892,0,
S3,1893,0,
S3,1894,0,
S3,1895,0,
S3,1896,0,
S3,1897,0,
S3,1898,0,
S3,1899,0,
S3,1900,0,
S3,1901,0,
S3,1902,0,
S3,1903,0,
S3,1904,0,
S3,1905,0,
S3,1906,0,
S3,1907,0,
S3,1908,0,
S3,1909,0,
S3,1910,0,
S3,1911,0,
S3,1912,0,
S3,1913,0,
S3,1914,0,
S3,1915,0,
S3,1916,0,
S3,1917,0,
S3,1918,0,
S3,1919,0,
S3,1920,0,
S3,1921,0,
S3,1922,0,
S3,1923,0,
S3,1924,0,
S3,1925,0,
S3,1926,0,
S3,1927,0,
S3,1928,0,
S3,1929,0,
S3,1930,0,
S3,1931,0,
S3,1932,0,
S3,1933,0,
S3,1934,0,
S3,1935,0,
S3,1936,0,
S3,1937,0,
S3,1938,0,
S3,1939,0,
S3,1940,0,
S3,1941,0,
S3,1942,0,
S3,1943,0,
S3,1944,0,
S3,1945,0,
S3,1946,0,
S3,1947,0,
S3,1948,0,
S3,1949,0,
S3,1950,0,
S3,1951,0,
S3,1952,0,
S3,1953,0,
S3,1954,0,
S3,1955,0,
S3,1956,0,
S3,1957,0,
S3,1958,0,
S3,1959,0,
S3,1960,0,
S3,1961,0,
S3,1962,0,
S3,1963,0,
S3,1964,0,
S3,1965,0,
S3,1966,0,
S3,1967,0,
S3,1968,0,
S3,1969,0,
S3,1970,0,
S3,1971,0,
S3,1972,0,
S3,1973,0,
S3,1974,0,
S3,1975,0,
S3,1976,0,
S3,1977,0,
S3,1978,0,
S3,1979,0,
S3,1980,0,
S3,1981,0,
S3,1982,0,
S3,1983,0,
S3,1984,0,
S3,1985,0,
S3,1986,0,
S3,1987,0,
S3,1988,0,
S3,1989,0,
S3,1990,0,
S3,1991,0,
S3,1992,0,
S3,1993,0,
S3,1994,0,
S3,1995,0,
S3,1996,0,
S3,1997,0,
S3,1998,0,
S3,1999,0,
S3,2000,0,
S3,2001,3,0.0
S3,2002,3,0.0
S3,2003,3,0.0
S3,2004,3,0.0
S3,2005,3,0.0
S3,2006,3,0.0
S3,2007,3,0.0
S3,2008,3,0.0
S3,2009,3,0.0
S3,2010,3,0.0
S3,2011,3,0.0
S3,2012,3,0.0
S3,2013,3,0.0
S3,2014,3,0.0
S3,2015,3,0.0
S3,2016,3,0.0
S3,2017,3,0.0
S3,2018,3,0.0
S3,2019,3,0.0
S3,2020,3,0.0
S3,2021,3,0.0
S3,2022,3,0.0
S3,2023,3,0.0
S3,2024,3,0.0
S3,2025,3,0.0
S3,2026,3,0.0
S3,2027,3,0.0
S3,2028,3,0.0
S3,2029,3,0.0
S3,2030,3,0.0
S3,2031,3,0.0
S3,2032,3,0.0
S3,2033,3,0.0
S3,2034,3,0.0
S3,2035,3,0.0
S3,2036,3,0.0
S3,2037,3,0.0
S3,2038,3,0.0
S3,2039,3,0.0
S3,2040,3,0.0
S3,2041,3,0.0
S3,2042,3,0.0
S3,2043,3,0.0
S3,2044,3,0.0
S3,2045,3,0.0
S3,2046,3,0.0
S3,2047,3,0.0
S3,2048,3,0.0
S3,2049,3,0.0
S3,2050,3,0.0
S3,2051,3,0.0
S3,2052,3,0.0
S3,2053,3,0.0
S3,2054,3,0.0
S3,2055,3,0.0
S3,2056,3,0.0
S3,2057,3,0.0
S3,2058,3,0.0
S3,2059,3,0.0
S3,2060,3,0.0
S3,2061,3,0.0
S3,2062,3,0.0
S3,2063,3,0.0
S3,2064,3,0.0
S3,2065,3,0.0
S3,2066,3,0.0
S3,2067,3,0.0
S3,2068,3,0.0
S3,2069,3,0.0
S3,2070,3,0.0
S3,2071,3,0.0
S3,2072,3,0.0
S3,2073,3,0.0
S3,2074,3,0.0
S3,2075,3,0.0
S3,2076,3,0.0
S3,2077,3,0.0
S3,2078,3,0.0
S3,2079,3,0.0
S3,2080,3,0.0
S3,2081,3,0.0
S3,2082,3,0.0
S3,2083,3,0.0
S3,2084,3,0.0
S3,2085,3,0.0
S3,2086,3,0.0
S3,2087,3,0.0
S3,2088,3,0.0
S3,2089,3,0.0
S3,2090,3,0.0
S3,2091,3,0.0
S3,2092,3,0.0
S3,2093,3,0.0
S3,2094,3,0.0
S3,2095,3,0.0
S3,2096,3,0.0
S3,2097,3,0.0
S3,2098,3,0.0
S3,2099,3,0.0
S3,2100,3,0.0
S3,2101,3,0.0
S3,2102,3,0.0
S3,2103,3,0.0
S3,2104,3,0.0
S3,2105,3,0.0
S3,2106,3,0.0
S3,2107,3,0.0
S3,2108,3,0.0
S3,2109,3,0.0
S3,2110,3,0.0
S3,2111,3,0.0
S3,2112,3,0.0
S3,2113,3,0.0
S3,2114,3,0.0
S3,2115,3,0.0
S3,2116,3,0.0
S3,2117,3,0.0
S3,2118,3,0.0
S3,2119,3,0.0
S3,2120,3,0.0
S3,2121,3,0.0
S3,2122,3,0.0
S3,2123,3,0.0
S3,2124,3,0.0
S3,2125,3,0.0
S3,2126,3,0.0
S3,2127,3,0.0
S3,2128,3,0.0
S3,2129,3,0.0
S3,2130,3,0.0
S3,2131,3,0.0
S3,2132,3,0.0
S3,2133,3,0.0
S3,2134,3,0.0
S3,2135,3,0.0
S3,2136,3,0.0
S3,2137,3,0.0
S3,2138,3,0.0
S3,2139,3,0.0
S3,2140,3,0.0
S3,2141,3,0.0
S3,2142,3,0.0
S3,2143,3,0.0
S3,2144,3,0.0
S3,2145,3,0.0
S3,2146,3,0.0
S3,2147,3,0.0
S3,2148,3,0.0
S3,2149,3,0.0
S3,2150,3,0.0
S3,2151,0,
S3,2152,0,
S3,2153,0,
S3,2154,0,
S3,2155,0,
S3,2156,0,
S3,2157,0,
S3,2158,0,
S3,2159,0,
S3,2160,0,
S3,2161,0,
S3,2162,0,
S3,2163,0,
S3,2164,0,
S3,2165,0,
S3,2166,0,
S3,2167,0,
S3,2168,0,
S3,2169,0,
S3,2170,0,
S3,2171,0,
S3,2172,0,
S3,2173,0,
S3,2174,0,
S3,2175,0,
S3,2176,0,
S3,2177,0,
S3,2178,0,
S3,2179,0,
S3,2180,0,
S3,2181,0,
S3,2182,0,
S3,2183,0,
S3,2184,0,
S3,2185,0,
S3,2186,0,
S3,2187,0,
S3,2188,0,
S3,2189,0,
S3,2190,0,
S3,2191,0,
S3,2192,0,
S3,2193,0,
S3,2194,0,
S3,2195,0,
S3,2196,0,
S3,2197,0,
S3,2198,0,
S3,2199,0,
S3,2200,0,
S3,2201,0,
S3,2202,0,
S3,2203,0,
S3,2204,0,
S3,2205,0,
S3,2206,0,
S3,2207,0,
S3,2208,0,
S3,2209,0,
S3,2210,0,
S3,2211,0,
S3,2212,0,
S3,2213,0,
S3,2214,0,
S3,2215,0,
S3,2216,0,
S3,2217,7,
S3,2218,7,
S3,2219,7,
S3,2220,7,
S3,2221,7,
S3,2222,7,
S3,2223,7,
S3,2224,7,
S3,2225,7,
S3,2226,7,
S3,2227,7,
S3,2228,7,
S3,2229,7,
S3,2230,7,
S3,2231,7,
S3,2232,7,
S3,2233,7,
S3,2234,7,
S3,2235,7,
S3,2236,7,
S3,2237,7,
S3,2238,7,
S3,2239,7,
S3,2240,7,
S3,2241,7,
S3,2242,7,
S3,2243,7,
S3,2244,0,
S3,2245,0,
S3,2246,0,
S3,2247,0,
S3,2248,0,
S3,2249,0,
S3,2250,0,
S3,2251,0,
S3,2252,0,
S3,2253,0,
S3,2254,0,
S3,2255,0,
S3,2256,0,
S3,2257,0,
S3,2258,0,
S3,2259,0,
S3,2260,0,
S3,2261,0,
S3,2262,0,
S3,2263,0,
S3,2264,0,
S3,2265,0,
S3,2266,0,
S3,2267,0,
S3,2268,0,
S3,2269,0,
S3,2270,0,
S3,2271,0,
S3,2272,0,
S3,2273,0,
S3,2274,0,
S3,2275,0,
S3,2276,0,
S3,2277,0,
S3,2278,0,
S3,2279,0,
S3,2280,0,
S3,2281,0,
S3,2282,0,
S3,2283,0,
S3,2284,0,
S3,2285,0,
S3,2286,0,
S3,2287,0,
S3,2288,0,
S3,2289,0,
S3,2290,0,
S3,2291,0,
S3,2292,0,
S3,2293,0,
S3,2294,0,
S3,2295,0,
S3,2296,0,
S3,2297,0,
S3,2298,0,
S3,2299,0,
S3,2300,0,
S3,2301,0,
S3,2302,0,
S3,2303,0,
S3,2304,0,
S3,2305,0,
S3,2306,0,
S3,2307,0,
S3,2308,0,
S3,2309,0,
S3,2310,0,
S3,2311,0,
S3,2312,0,
S3,2313,0,
S3,2314,0,
S3,2315,0,
S3,2316,0,
S3,2317,0,
S3,2318,0,
S3,2319,0,
S3,2320,0,
S3,2321,0,
S3,2322,0,
S3,2323,0,
S3,2324,0,
S3,2325,0,
S3,2326,0,
S3,2327,4,
S3,2328,4,
S3,2329,4,
S3,2330,4,
S3,2331,4,
S3,2332,4,
S3,2333,4,
S3,2334,4,
S3,2335,4,
S3,2336,4,
S3,2337,4,
S3,2338,4,
S3,2339,4,
S3,2340,4,
S3,2341,4,
S3,2342,4,
S3,2343,4,
S3,2344,4,
S3,2345,4,
S3,2346,4,
S3,2347,4,
S3,2348,4,
S3,2349,4,
S3,2350,4,
S3,2351,4,
S3,2352,4,
S3,2353,4,
S3,2354,4,
S3,2355,4,
S3,2356,4,
S3,2357,4,
S3,2358,4,
S3,2359,4,
S3,2360,4,
S3,2361,4,
S3,2362,4,
S3,2363,4,
S3,2364,4,
S3,2365,4,
S3,2366,4,
S3,2367,4,
S3,2368,4,
S3,2369,4,
S3,2370,4,
S3,2371,4,
S3,2372,4,
S3,2373,4,
S3,2374,4,
S3,2375,4,
S3,2376,4,
S3,2377,4,
S3,2378,4,
S3,2379,4,
S3,2380,4,
S3,2381,4,
S3,2382,4,
S3,2383,4,
S3,2384,4,
S3,2385,4,
S3,2386,4,
S3,2387,4,
S3,2388,4,
S3,2389,4,
S3,2390,4,
S3,2391,4,
S3,2392,4,
S3,2393,4,
S3,2394,4,
S3,2395,4,
S3,2396,4,
S3,2397,4,
S3,2398,4,
S3,2399,4,
S3,2400,4,
S3,2401,4,
S3,2402,4,
S3,2403,4,
S3,2404,4,
S3,2405,4,
S3,2406,4,
S3,2407,4,
S3,2408,4,
S3,2409,4,
S3,2410,4,
S3,2411,4,
S3,2412,4,
S3,2413,4,
S3,2414,4,
S3,2415,4,
S3,2416,4,
S3,2417,4,
S3,2418,4,
S3,2419,4,
S3,2420,4,
S3,2421,4,
S3,2422,4,
S3,2423,4,
S3,2424,4,
S3,2425,4,
S3,2426,4,
S3,2427,4,
S3,2428,4,
S3,2429,4,
S3,2430,4,
S3,2431,4,
S3,2432,4,
S3,2433,4,
S3,2434,4,
S3,2435,4,
S3,2436,4,
S3,2437,4,
S3,2438,4,
S3,2439,4,
S3,2440,4,
S3,2441,4,
S3,2442,4,
S3,2443,4,
S3,2444,4,
S3,2445,4,
S3,2446,4,
S3,2447,4,
S3,2448,4,
S3,2449,4,
S3,2450,4,
S3,2451,4,
S3,2452,4,
S3,2453,4,
S3,2454,4,
S3,2455,4,
S3,2456,4,
S3,2457,4,
S3,2458,4,
S3,2459,4,
S3,2460,4,
S3,2461,4,
S3,2462,4,
S3,2463,4,
S3,2464,4,
S3,2465,4,
S3,2466,4,
S3,2467,4,
S3,2468,4,
S3,2469,4,
S3,2470,4,
S3,2471,4,
S3,2472,4,
S3,2473,4,
S3,2474,4,
S3,2475,4,
S3,2476,4,
S3,2477,4,
S3,2478,0,
S3,2479,0,
S3,2480,0,
S3,2481,0,
S3,2482,0,
S3,2483,0,
S3,2484,0,
S3,2485,0,
S3,2486,0,
S3,2487,0,
S3,2488,0,
S3,2489,0,
S3,2490,0,
S3,2491,0,
S3,2492,0,
S3,2493,0,
S3,2494,0,
S3,2495,0,
S3,2496,0,
S3,2497,0,
S3,2498,0,
S3,2499,0,
S3,2500,0,
S3,2501,0,
S3,2502,0,
S3,2503,0,
S3,2504,0,
S3,2505,0,
S3,2506,0,
S3,2507,0,
S3,2508,0,
S3,2509,0,
S3,2510,0,
S3,2511,0,
S3,2512,0,
S3,2513,0,
S3,2514,0,
S3,2515,0,
S3,2516,0,
S3,2517,0,
S3,2518,0,
S3,2519,0,
S3,2520,0,
S3,2521,0,
S3,2522,0,
S3,2523,0,
S3,2524,0,
S3,2525,0,
S3,2526,0,
S3,2527,0,
S3,2528,0,
S3,2529,0,
S3,2530,0,
S3,2531,0,
S3,2532,0,
S3,2533,0,
S3,2534,0,
S3,2535,0,
S3,2536,0,
S3,2537,0,
S3,2538,0,
S3,2539,0,
S3,2540,0,
S3,2541,0,
S3,2542,0,
S3,2543,0,
S3,2544,0,
S3,2545,0,
S3,2546,0,
S3,2547,0,
S3,2548,0,
S3,2549,0,
S3,2550,0,
S3,2551,0,
S3,2552,0,
S3,2553,0,
S3,2554,0,
S3,2555,0,
S3,2556,0,
S3,2557,0,
S3,2558,0,
S3,2559,0,
S3,2560,0,
S3,2561,0,
S3,2562,0,
S3,2563,0,
S3,2564,0,
S3,2565,0,
S3,2566,0,
S3,2567,0,
S3,2568,0,
S3,2569,0,
S3,2570,0,
S3,2571,0,
S3,2572,0,
S3,2573,0,
S3,2574,0,
S3,2575,0,
S3,2576,0,
S3,2577,0,
S3,2578,0,
S3,2579,0,
S3,2580,0,
S3,2581,0,
S3,2582,0,
S3,2583,0,
S3,2584,0,
S3,2585,0,
S3,2586,0,
S3,2587,0,
S3,2588,0,
S3,2589,0,
S3,2590,0,
S3,2591,0,
S3,2592,0,
S3,2593,0,
S3,2594,0,
S3,2595,0,
