signal,feature,column,raw_mean,raw_min,raw_max,raw_missing_fraction,filtered_missing_fraction,raw_std,filtered_std,filter_variability_change_pct,quality_flag
E4_ACC,mean,E4_ACC_x_mean,-10.592165002255246,-63.98166122517326,63.15088338896588,0.0,0.0,39.33952505297076,39.33954823693283,5.8932999419283495e-05,usable
E4_ACC,median,E4_ACC_x_median,-10.486735120139768,-64.39631833861846,63.151215364060015,0.0,0.0,39.5865703174548,39.58818975502834,0.004090876174802274,usable
E4_ACC,std,E4_ACC_x_std,2.5792304867931457,0.0,41.383867464601295,0.0,0.0,4.698694808812506,4.692949956037786,-0.1222648630837793,usable
E4_ACC,variance,E4_ACC_x_variance,28.72159558766151,0.0,1712.6244863276854,0.0,0.0,105.23312003362028,105.1602144329898,-0.06928009034340632,usable
E4_ACC,min,E4_ACC_x_min,-15.473273834199977,-85.50521338914109,62.999999999999964,0.0,0.0,39.57253832589982,39.573017947443596,0.0012120060124146833,usable
E4_ACC,max,E4_ACC_x_max,-6.135555111679104,-63.55103680795563,85.2999513235328,0.0,0.0,40.281421954211105,40.276854023167495,-0.01134004417421623,usable
E4_ACC,range,E4_ACC_x_range,9.337718722520876,0.0,108.70482406808384,0.0,0.0,15.837406500259808,15.828215025295,-0.05803649078943284,usable
E4_ACC,iqr,E4_ACC_x_iqr,3.221549566626197,0.0,86.14644618357727,0.0,0.0,7.37587931685591,7.359837524845484,-0.2174898926798566,usable
E4_ACC,skewness,E4_ACC_x_skewness,-0.034326876582125174,-4.129483209440137,4.129483209888606,0.0,0.0,1.1872586999031005,1.0976478101164724,-7.547713888636218,usable
E4_ACC,kurtosis,E4_ACC_x_kurtosis,0.9272799788984326,-2.0,15.052631580150386,0.0,0.0,2.8375968253934065,2.5431575250027514,-10.376361354641489,usable
E4_ACC,rms,E4_ACC_x_rms,37.9702359597834,0.5022947593245356,63.981778376884,0.0,0.0,15.692991735142872,15.692989610451098,-1.353911229604858e-05,usable
E4_ACC,energy,E4_ACC_x_energy,33758.264876698304,5.046000504897862,81873.35928537401,0.0,0.0,23599.47000344537,23599.26733394278,-0.0008587883650051569,usable
E4_ACC,entropy,E4_ACC_x_entropy,2.5009401347202798,0.0,3.246439344671016,0.0,0.0,0.5917631826219215,0.46392956867760154,-21.60215736604774,usable
E4_ACC,mav,E4_ACC_x_mav,37.6276584711542,0.3124859736799493,63.98166122517326,0.0,0.0,15.716941064648303,15.716793924930336,-0.0009361854661276962,usable
E4_ACC,auc,E4_ACC_x_auc,-201.28455866673332,-1215.6272661019648,1199.9534178401718,0.0,0.0,747.5193627109594,747.5193908136425,3.7594588894359564e-06,usable
E4_ACC,slope,E4_ACC_x_slope,-0.002127739485918521,-6.602292563965418,5.10301122142326,0.0,0.0,0.5576096091979,0.5576143210882242,0.0008450159836585666,usable
E4_ACC,rate,E4_ACC_x_zero_crossing_rate,0.004125564201539937,0.0,0.6842105263157895,0.0,0.0,0.03243245095799069,0.03224325382033417,-0.5833575078910461,usable
E4_ACC,cv,E4_ACC_x_cv,0.13139652082878833,0.0,45.10046326782049,0.0,0.0,1.1193019461311466,1.1489839153885912,2.6518286115770597,usable
E4_ACC,mean,E4_ACC_y_mean,3.6921327382598226,-59.84376058662921,61.57613427314176,0.0,0.0,35.227256606448364,35.22727818494326,6.125511031413942e-05,usable
E4_ACC,median,E4_ACC_y_median,3.813560302257421,-59.89500977253911,61.64740638036203,0.0,0.0,35.55289433009135,35.547483529376386,-0.015219016108015269,usable
E4_ACC,std,E4_ACC_y_std,2.147003294662306,0.0,42.24844158798877,0.0,0.0,4.884853610296186,4.879142035453413,-0.11692417620731894,usable
E4_ACC,variance,E4_ACC_y_variance,28.46215841675335,0.0,1784.930816613699,0.0,0.0,120.80418766046544,120.64656263701363,-0.1304797677170249,usable
E4_ACC,min,E4_ACC_y_min,-0.264164164012725,-88.04507881596938,60.82314008419859,0.0,0.0,35.24768078199619,35.2483856288412,0.0019996970846684527,usable
E4_ACC,max,E4_ACC_y_max,7.159183048422507,-59.53520537126056,84.19811947758365,0.0,0.0,36.106261259214996,36.10187429497642,-0.012150148161511935,usable
E4_ACC,range,E4_ACC_y_range,7.42334721243523,0.0,120.45822652323312,0.0,0.0,15.640833464326754,15.596191803821059,-0.2854174018763937,usable
E4_ACC,iqr,E4_ACC_y_iqr,2.6527805704859757,0.0,75.70250780945867,0.0,0.0,7.750481034371094,7.72840344647328,-0.28485442129213334,usable
E4_ACC,skewness,E4_ACC_y_skewness,-0.07526272481678496,-4.129483209761982,4.129483209758865,0.0,0.0,1.297100970149147,1.1699228279229092,-9.804798944188141,usable
E4_ACC,kurtosis,E4_ACC_y_kurtosis,1.1569494288469937,-2.0,15.052631579453202,0.0,0.0,3.10818039055962,2.689374528753613,-13.474310020037233,usable
E4_ACC,rms,E4_ACC_y_rms,28.082266995013494,0.0,61.726954538190085,0.0,0.0,22.22948701576874,22.229271785954023,-0.000968217640670956,usable
E4_ACC,energy,E4_ACC_y_energy,25651.44117099759,0.0,76204.33833119571,0.0,0.0,29103.702040356955,29103.328010362464,-0.0012851629458427174,usable
E4_ACC,entropy,E4_ACC_y_entropy,2.3887766801849275,0.0,3.2841837197791888,0.0,0.0,0.6852693500883482,0.5061293959910274,-26.141538954605995,usable
E4_ACC,mav,E4_ACC_y_mav,27.69659451627555,0.0,61.57613427314176,0.0,0.0,22.248655395962498,22.248785905175023,0.0005865937073603208,usable
E4_ACC,auc,E4_ACC_y_auc,70.16873867929813,-1137.083971426126,1173.4786333339848,0.0,0.0,669.4997211713089,669.4997458752466,3.6899100800292685e-06,usable
E4_ACC,slope,E4_ACC_y_slope,0.002325226043559758,-5.120029864928803,5.634924211028024,0.0,0.0,0.6316935677509578,0.6316732086476662,-0.003222939781396317,usable
E4_ACC,rate,E4_ACC_y_zero_crossing_rate,0.03169740416232665,0.0,0.9473684210526316,0.0,0.0,0.11468586702374706,0.13373764831434806,16.612143924112384,usable
E4_ACC,cv,E4_ACC_y_cv,0.43602793005659823,0.0,181.913178051613,0.0,0.0,4.171381489161174,4.578080356904486,9.749740434915141,usable
E4_ACC,mean,E4_ACC_z_mean,1.9185594343618104,-61.86135390915882,62.57762426087858,0.0,0.0,32.95770869506116,32.957684128525706,-7.453957336216135e-05,usable
E4_ACC,median,E4_ACC_z_median,1.9735751883045403,-61.87886808628903,62.59676959287563,0.0,0.0,33.26377081537686,33.26403348526197,0.0007896575724025596,usable
E4_ACC,std,E4_ACC_z_std,3.337578784914424,0.0,42.36863656085111,0.0,0.0,6.117780294619423,6.110547154664721,-0.11823144353619502,usable
E4_ACC,variance,E4_ACC_z_variance,48.552144310357576,0.0,1795.1013640254891,0.0,0.0,152.06952117772076,151.8531737914276,-0.14226873644214624,usable
E4_ACC,min,E4_ACC_z_min,-4.217915432015943,-69.42720392360818,61.89738169599339,0.0,0.0,33.22727767228432,33.2122651442882,-0.04518133608231919,usable
E4_ACC,max,E4_ACC_z_max,7.510539537731725,-61.65912384983486,73.11361193491568,0.0,0.0,35.07923576421052,35.08397555855943,0.013511680758288146,usable
E4_ACC,range,E4_ACC_z_range,11.728454969747668,0.0,118.38557321533813,0.0,0.0,20.15913982294971,20.142737546261877,-0.08136397104186893,usable
E4_ACC,iqr,E4_ACC_z_iqr,4.2086478707891715,0.0,91.9492993369532,0.0,0.0,9.598856521955392,9.58264867544972,-0.1688518467652915,usable
E4_ACC,skewness,E4_ACC_z_skewness,-0.04859130514815434,-4.081421115265872,4.129483209793545,0.0,0.0,1.211321039679287,1.1146291200183918,-7.982352860517946,usable
E4_ACC,kurtosis,E4_ACC_z_kurtosis,0.9285542348174204,-2.0,15.052631579626986,0.0,0.0,2.846781422047361,2.530692871187504,-11.103365661018366,usable
E4_ACC,rms,E4_ACC_z_rms,28.54642722720572,0.9864638536851223,62.57876137973688,0.0,0.0,17.97912689223229,17.97964153144345,0.0028624260468400765,usable
E4_ACC,energy,E4_ACC_z_energy,22760.441501551606,19.46221869254605,78322.02751644097,0.0,0.0,23609.769376115884,23610.104568569273,0.001419719303688389,usable
E4_ACC,entropy,E4_ACC_z_entropy,2.4705222790076213,0.0,3.2841837197791888,0.0,0.0,0.6146160813745134,0.4837263413568947,-21.296178864194356,usable
E4_ACC,mav,E4_ACC_z_mav,27.999925836015944,0.8703095682736922,62.57762426087858,0.0,0.0,18.09615875084977,18.097108052926085,0.005245876151865199,usable
E4_ACC,auc,E4_ACC_z_auc,36.5649529859858,-1175.3985716951595,1189.4770623958798,0.0,0.0,626.6021864353459,626.6021674574066,-3.028706196591223e-06,usable
E4_ACC,slope,E4_ACC_z_slope,-0.00211294829188986,-5.835265124356089,6.646554952865657,0.0,0.0,0.7550505589903435,0.7550828432798659,0.004275778507543954,usable
E4_ACC,rate,E4_ACC_z_zero_crossing_rate,0.022731450278781932,0.0,0.7368421052631579,0.0,0.0,0.0678121402846197,0.06930572164154987,2.2025279701560003,usable
E4_ACC,cv,E4_ACC_z_cv,0.8937655048240364,0.0,337.14125763929883,0.0,0.0,10.848172000727061,11.114492735952107,2.454982601743376,usable
E4_BVP,mean,E4_BVP_value_mean,0.0031657349362197735,-41.742001218531655,32.17179831891799,0.0,0.0,4.6125103808189545,1.888792820434015,-59.0506543185566,usable
E4_BVP,median,E4_BVP_value_median,2.0271651004937765,-52.64391445686426,64.82389694482438,0.0,0.0,8.28101582244415,6.23489119443687,-24.70861874773431,usable
E4_BVP,std,E4_BVP_value_std,38.107849623646324,1.100431372530833,282.17888177322044,0.0,0.0,34.938988421529714,27.553231806291503,-21.139011027254135,usable
E4_BVP,variance,E4_BVP_value_variance,2672.4674117492173,1.210949205650093,79624.92131878511,0.0,0.0,5557.162564628578,3649.6420854141074,-34.325439593145376,usable
E4_BVP,min,E4_BVP_value_min,-78.55206719937154,-821.3370915232781,-2.0953619278882254,0.0,0.0,83.37961991606986,62.45916773470344,-25.090606316537535,usable
E4_BVP,max,E4_BVP_value_max,72.66695936875517,1.7391998593303308,646.5089391863911,0.0,0.0,76.07028566540741,59.796035817881155,-21.393701502723413,usable
E4_BVP,range,E4_BVP_value_range,151.2190265681267,4.05089010630704,1446.234585370648,0.0,0.0,153.84453629828334,119.24747209399293,-22.488328176446565,usable
E4_BVP,iqr,E4_BVP_value_iqr,47.51111866254383,1.5778611482815457,310.06810821160843,0.0,0.0,40.370790941862744,33.8420257195265,-16.172002257122493,usable
E4_BVP,skewness,E4_BVP_value_skewness,-0.14598201825651258,-3.294661213497674,2.617354288499302,0.0,0.0,0.5646401961761744,0.43603083153746547,-22.777224418252597,usable
E4_BVP,kurtosis,E4_BVP_value_kurtosis,-0.16945118620253294,-1.8147512688003729,11.23164027271066,0.0,0.0,1.5393095865265298,1.2187911049382614,-20.822223443142594,usable
E4_BVP,rms,E4_BVP_value_rms,38.27264889009733,1.1948638474200224,282.1831486740207,0.0,0.0,35.06302664346004,27.573661999999864,-21.359720938001498,usable
E4_BVP,energy,E4_BVP_value_energy,53874.68835925511,28.55399227742757,1592546.5879116894,0.0,0.0,111714.59070616285,73083.08830937676,-34.58053433539093,usable
E4_BVP,entropy,E4_BVP_value_entropy,2.835552459431399,1.1540157730728,3.2841837197791888,0.0,0.0,0.27276786077824,0.2298066407413392,-15.750103371536222,usable
E4_BVP,mav,E4_BVP_value_mav,30.15130215761472,1.0037800910974666,171.78389541596425,0.0,0.0,26.3548239957185,21.30937131905372,-19.144323170150727,usable
E4_BVP,auc,E4_BVP_value_auc,-0.8216842651695109,-869.3482102581646,661.6658316033838,0.0,0.0,86.40221492907754,26.875015124011373,-68.89545580970179,usable
E4_BVP,slope,E4_BVP_value_slope,-0.012037947389091355,-8.98849180937107,12.310571150746677,0.0,0.0,1.3133892635166409,0.5908947140084702,-55.00993266639541,usable
E4_BVP,rate,E4_BVP_value_zero_crossing_rate,0.49888691460899043,0.2105263157894736,0.8947368421052632,0.0,0.0,0.09040899019402525,0.08456073156378156,-6.468669341060921,usable
E4_BVP,cv,E4_BVP_value_cv,351.4995555519057,1.5037255210272171,541351.4706536928,0.0,0.0,10995.715043901982,847.3301021839718,-92.29399726347141,usable
E4_EDA,mean,E4_EDA_value_mean,1.0142673314707025,0.0769544,6.7456613,0.0,0.0,1.2582348463742226,1.2582303754019897,-0.0003553368630480769,usable
E4_EDA,median,E4_EDA_value_median,1.0118421532790065,0.075865,6.9262245,0.0,0.0,1.2552789005060152,1.255114076515329,-0.013130467708788717,usable
E4_EDA,std,E4_EDA_value_std,0.020739336399787003,0.0004912092705761,0.563485419446901,0.0,0.0,0.04773954601992292,0.04749286486123601,-0.5167228833386123,usable
E4_EDA,variance,E4_EDA_value_variance,0.002708299941897292,2.412865474999975e-07,0.31751581792925,0.0,0.0,0.015003787441464352,0.014900448745021238,-0.6887507360810021,usable
E4_EDA,min,E4_EDA_value_min,0.9836773930927434,0.074584,6.221828,0.0,0.0,1.2169076229664515,1.21777624954277,0.07137982866776925,usable
E4_EDA,max,E4_EDA_value_max,1.0504027260380286,0.079709,7.186026,0.0,0.0,1.3084818238673976,1.3075565138355913,-0.07071630762675873,usable
E4_EDA,range,E4_EDA_value_range,0.06672533294528518,0.0012809999999999,1.4981459999999998,0.0,0.0,0.14612598828595916,0.14309268426309646,-2.0758142055653495,usable
E4_EDA,iqr,E4_EDA_value_iqr,0.031768324602250646,0.0,1.2483609999999996,0.0,0.0,0.08007670930277268,0.07997043761585017,-0.13271235525013053,usable
E4_EDA,skewness,E4_EDA_value_skewness,-0.1227163113766416,-3.428699448875701,3.510895476324677,0.0,0.0,0.891293836205832,0.6729008398896279,-24.502917830766787,usable
E4_EDA,kurtosis,E4_EDA_value_kurtosis,0.10093212061261861,-1.95959595959598,11.722950845211733,0.0,0.0,2.0547906445653643,1.1240419814642033,-45.29652038093817,usable
E4_EDA,rms,E4_EDA_value_rms,1.0148358754212947,0.0769696263963909,6.755115801319604,0.0,0.0,1.2588527307584891,1.2588531170215211,3.068373468683823e-05,usable
E4_EDA,energy,E4_EDA_value_energy,52.27974215940912,0.118486467752,912.631789784756,0.0,0.0,116.10122653312911,116.09720231269232,-0.003466130855768059,usable
E4_EDA,entropy,E4_EDA_value_entropy,2.358316006945604,0.7475846798245739,3.321928094887362,0.0,0.0,0.5949311478510535,0.2964319321699835,-50.17374140844313,usable
E4_EDA,mav,E4_EDA_value_mav,1.0142673314707025,0.0769544,6.7456613,0.0,0.0,1.2582348463742226,1.2582303754019897,-0.0003553368630480769,usable
E4_EDA,auc,E4_EDA_value_auc,19.271508649786576,1.4632225,128.042736,0.0,0.0,23.907201989937697,23.907130306108655,-0.0002998419851545894,usable
E4_EDA,slope,E4_EDA_value_slope,-0.00018275007542136763,-0.0621928406015037,0.0934663142857142,0.0,0.0,0.006926953878870448,0.006927062219709961,0.0015640473634864487,usable
E4_EDA,rate,E4_EDA_value_zero_crossing_rate,0.0,0.0,0.0,0.0,0.0,0.0,0.0,,usable
E4_EDA,cv,E4_EDA_value_cv,0.017403999325744355,0.000630657012885,0.969805745248684,0.0,0.0,0.03384985990133901,0.031208768843376086,-7.802369243656612,usable
E4_HR,mean,E4_HR_value_mean,71.99674494085735,53.11519497870077,121.99299526423924,0.0,0.0,10.738021272043182,10.738021272043182,0.0,usable
E4_HR,median,E4_HR_value_median,71.99622222780958,53.10886630135524,122.03118903400416,0.0,0.0,10.745050370597987,10.745050370597987,0.0,usable
E4_HR,std,E4_HR_value_std,0.2981505983532381,0.0048472422932777,2.310097023475655,0.0,0.0,0.3129085643291775,0.3129085643291775,0.0,usable
E4_HR,variance,E4_HR_value_variance,0.18676755445100895,2.3495757849740385e-05,5.3365482578710814,0.0,0.0,0.4561483190842124,0.4561483190842124,0.0,usable
E4_HR,min,E4_HR_value_min,71.5122008361829,53.067914938619424,121.30570628994934,0.0,0.0,10.567046361640742,10.567046361640742,0.0,usable
E4_HR,max,E4_HR_value_max,72.4834989291861,53.17238083087122,122.46614859134336,0.0,0.0,10.909574918232597,10.909574918232597,0.0,usable
E4_HR,range,E4_HR_value_range,0.9712980930032027,0.0142903840053492,7.596182179748311,0.0,0.0,1.0234654103381868,1.0234654103381868,0.0,usable
E4_HR,iqr,E4_HR_value_iqr,0.48546826661300524,0.0032366441851507,3.820865567001533,0.0,0.0,0.5215198070143701,0.5215198070143701,0.0,usable
E4_HR,skewness,E4_HR_value_skewness,0.013873079007089038,-2.1193940029882983,2.42334561618474,0.0,0.0,0.4984173066666923,0.4984173066666923,0.0,usable
E4_HR,kurtosis,E4_HR_value_kurtosis,-0.9406002976344962,-1.8072422655098823,6.0375218406278375,0.0,0.0,0.5953820006452869,0.5953820006452869,0.0,usable
E4_HR,rms,E4_HR_value_rms,71.99795193642923,53.115205036887744,121.99349950993653,0.0,0.0,10.738625259567064,10.738625259567064,0.0,usable
E4_HR,energy,E4_HR_value_energy,105979.56813089596,56424.50012221251,297648.2784536176,0.0,0.0,34321.62509266198,34321.62509266198,0.0,usable
E4_HR,entropy,E4_HR_value_entropy,3.0693062728039395,1.6567796494470397,3.321928094887362,0.0,0.0,0.25448784574175604,0.25448784574175604,0.0,usable
E4_HR,mav,E4_HR_value_mav,71.99674494085735,53.11519497870077,121.99299526423924,0.0,0.0,10.738021272043182,10.738021272043182,0.0,usable
E4_HR,auc,E4_HR_value_auc,1367.937865895852,1009.1349109392464,2318.2095490497177,0.0,0.0,204.03676129333155,204.03676129333155,0.0,usable
E4_HR,slope,E4_HR_value_slope,0.000571620040712374,-0.3787873605597599,0.4006086435329412,0.0,0.0,0.07439634756907355,0.07439634756907355,0.0,usable
E4_HR,rate,E4_HR_value_zero_crossing_rate,0.0,0.0,0.0,0.0,0.0,0.0,0.0,,usable
E4_HR,cv,E4_HR_value_cv,0.004037429384130191,6.748513763774393e-05,0.0310554093372765,0.0,0.0,0.003965609111697302,0.003965609111697302,0.0,usable
E4_IBI,mean,E4_IBI_value_mean,0.9274698037546651,0.4781234172131305,1.3776953714189577,0.0,0.0,0.14383428278093613,0.14383428278093613,0.0,usable
E4_IBI,median,E4_IBI_value_median,0.9275293739832228,0.4781234172131304,1.3798683844883004,0.0,0.0,0.14470456312307364,0.14470456312307364,0.0,usable
E4_IBI,std,E4_IBI_value_std,0.022207940360318652,0.0,0.170144960988943,0.0,0.0,0.024477571016227533,0.024477571016227533,0.0,usable
E4_IBI,variance,E4_IBI_value_variance,0.00109211159829661,0.0,0.0289493077499289,0.0,0.0,0.002152502281959484,0.002152502281959484,0.0,usable
E4_IBI,min,E4_IBI_value_min,0.8910327011308605,0.4689805577795886,1.3658534384277248,0.0,0.0,0.1457381945917382,0.1457381945917382,0.0,usable
E4_IBI,max,E4_IBI_value_max,0.9639268787925308,0.4872662766466722,1.3899454938489808,0.0,0.0,0.15137264974231965,0.15137264974231965,0.0,usable
E4_IBI,range,E4_IBI_value_range,0.07289417766167014,0.0,0.4791878401585719,0.0,0.0,0.07755261637700989,0.07755261637700989,0.0,usable
E4_IBI,iqr,E4_IBI_value_iqr,0.03284050527729229,0.0,0.303577644435093,0.0,0.0,0.0401285538114072,0.0401285538114072,0.0,usable
E4_IBI,skewness,E4_IBI_value_skewness,0.008215711023887663,-3.8660686773240807,4.129483209672786,0.0,0.0,0.644123354074346,0.644123354074346,0.0,usable
E4_IBI,kurtosis,E4_IBI_value_kurtosis,-0.6904144624490947,-1.918554706260177,15.052631578962089,0.0,0.0,1.509432978605407,1.509432978605407,0.0,usable
E4_IBI,rms,E4_IBI_value_rms,0.9280445262574792,0.4781556222564725,1.3777141215145958,0.0,0.0,0.14392364864953444,0.14392364864953444,0.0,usable
E4_IBI,energy,E4_IBI_value_energy,17.639452426437813,4.57265598190949,37.96192401241469,0.0,0.0,5.594403539664052,5.594403539664052,0.0,usable
E4_IBI,entropy,E4_IBI_value_entropy,2.919279834028297,0.0,3.321928094887362,0.0,0.0,0.718336976962135,0.718336976962135,0.0,usable
E4_IBI,mav,E4_IBI_value_mav,0.9274698037546651,0.4781234172131305,1.3776953714189577,0.0,0.0,0.14383428278093613,0.14383428278093613,0.0,usable
E4_IBI,auc,E4_IBI_value_auc,17.62209298107402,9.08434492704948,26.1762120569602,0.0,0.0,2.7352606531598176,2.7352606531598176,0.0,usable
E4_IBI,slope,E4_IBI_value_slope,-9.975879441055229e-06,-0.0268460739743462,0.0189244184280038,0.0,0.0,0.004111193005754327,0.004111193005754327,0.0,usable
E4_IBI,rate,E4_IBI_value_zero_crossing_rate,0.0,0.0,0.0,0.0,0.0,0.0,0.0,,usable
E4_IBI,cv,E4_IBI_value_cv,0.024113544452495632,0.0,0.1697410777199959,0.0,0.0,0.025576857659431764,0.025576857659431764,0.0,usable
E4_TEMP,mean,E4_TEMP_value_mean,33.34067947225456,30.69600000000001,35.95400000000001,0.0,0.0,1.3253897043871177,1.3253910181724677,9.912445718544797e-05,usable
E4_TEMP,median,E4_TEMP_value_median,33.34069266589057,30.69,35.95,0.0,0.0,1.3254053696371972,1.3253817233074388,-0.0017840828398755675,usable
E4_TEMP,std,E4_TEMP_value_std,0.011120859633473893,0.0,0.0379999999999998,0.0,0.0,0.004924284699505388,0.004151404785291525,-15.695272742688761,usable
E4_TEMP,variance,E4_TEMP_value_variance,0.0001479126891734315,0.0,0.0014439999999999,0.0,0.0,0.00012032835406964564,9.217888328630495e-05,-23.39388002186739,usable
E4_TEMP,min,E4_TEMP_value_min,33.32619324796275,30.69,35.95,0.0,0.0,1.3254385123074581,1.325386137719666,-0.003951491321983691,usable
E4_TEMP,max,E4_TEMP_value_max,33.354994179278236,30.71,35.97,0.0,0.0,1.325611400149092,1.3255425725378902,-0.0051921408637560255,usable
E4_TEMP,range,E4_TEMP_value_range,0.028800931315483218,0.0,0.1000000000000014,0.0,0.0,0.014440858154053169,0.012820422106984945,-11.221189418119241,usable
E4_TEMP,iqr,E4_TEMP_value_iqr,0.013251843228560264,0.0,0.0799999999999983,0.0,0.0,0.012281467912811652,0.008025093006480251,-34.65689066281141,usable
E4_TEMP,skewness,E4_TEMP_value_skewness,-0.016040064208878824,-2.666666666676614,2.6666666666727075,0.0,0.0,0.975161616938047,0.8533013043299686,-12.496422181864885,usable
E4_TEMP,kurtosis,E4_TEMP_value_kurtosis,-0.6712782085608421,-2.000000000000001,5.111111111146474,0.0,0.0,1.4102780233465162,1.6181008214594221,14.73629984105923,usable
E4_TEMP,rms,E4_TEMP_value_rms,33.34068169350818,30.69600136825642,35.95400089002614,0.0,0.0,1.325389627577801,1.325390959071745,0.0001004605676915912,usable
E4_TEMP,energy,E4_TEMP_value_energy,22267.140635700427,18844.890000000003,25853.803600000003,0.0,0.0,1791.1012665420183,1791.103086373864,0.00010160407341256541,usable
E4_TEMP,entropy,E4_TEMP_value_entropy,1.046759407985242,0.0,2.121928094887362,0.0,0.0,0.41162443165864004,0.41428947621487255,0.6474456692217507,usable
E4_TEMP,mav,E4_TEMP_value_mav,33.34067947225456,30.69600000000001,35.95400000000001,0.0,0.0,1.3253897043871177,1.3253910181724677,9.912445718544797e-05,usable
E4_TEMP,auc,E4_TEMP_value_auc,633.4730093131549,583.2200000000001,683.1300000000001,0.0,0.0,25.182393745060835,25.182407497970356,5.46131938837046e-05,usable
E4_TEMP,slope,E4_TEMP_value_slope,-9.7344642164197e-05,-0.0060751879699247,0.0045714285714285,0.0,0.0,0.001093770432713162,0.0010727247334424972,-1.9241422734805174,usable
E4_TEMP,rate,E4_TEMP_value_zero_crossing_rate,0.0,0.0,0.0,0.0,0.0,0.0,0.0,,usable
E4_TEMP,cv,E4_TEMP_value_cv,0.00033400664772801876,0.0,0.0011034963410384,0.0,0.0,0.00014860222500676765,0.0001253322032640113,-15.659268723396693,usable
RB_ACC,mean,RB_ACC_x_mean,0.803096101694817,0.6092645810959267,0.9154572551072512,0.0,0.0,0.10557734269478271,0.10557683356966492,-0.00048222952462323134,usable
RB_ACC,median,RB_ACC_x_median,0.8036672201875859,0.6094460935745661,0.915933168959952,0.0,0.0,0.10590532725547701,0.10588393573196453,-0.02019872282805555,usable
RB_ACC,std,RB_ACC_x_std,0.00519521314796576,0.0002337692551655,0.7345394386793985,0.0,0.0,0.022128091470560024,0.022011522331838118,-0.5267925563169037,usable
RB_ACC,variance,RB_ACC_x_variance,0.0005164526630775196,5.464806466066533e-08,0.5395481869754459,0.0,0.0,0.015048420046304389,0.014824436326012998,-1.4884201770165069,usable
RB_ACC,min,RB_ACC_x_min,0.7916819129080449,-2.0870222186740333,0.9141830797489052,0.0,0.0,0.13251455898266418,0.13165447641279304,-0.6490476038815118,usable
RB_ACC,max,RB_ACC_x_max,0.8116761695733191,0.612381487986508,1.5049291108803329,0.0,0.0,0.10905039304626994,0.10882539277754082,-0.20632687553327564,usable
RB_ACC,range,RB_ACC_x_range,0.019994256665274285,0.0008793569717547,3.591951329554366,0.0,0.0,0.10383221972396049,0.10115515043175531,-2.578264530337702,usable
RB_ACC,iqr,RB_ACC_x_iqr,0.0059010431568392585,0.0002886283831775,0.2617602185327986,0.0,0.0,0.013808967663149162,0.014021879772038634,1.5418394342225303,usable
RB_ACC,skewness,RB_ACC_x_skewness,-0.3112509675825988,-3.347276567304557,3.521004636565664,0.0,0.0,0.7339616366434607,0.7176325684186385,-2.2247849764325482,usable
RB_ACC,kurtosis,RB_ACC_x_kurtosis,0.05419650351859397,-1.7861416682845888,11.833394327681678,0.0,0.0,1.4823517093054912,1.3865021128760713,-6.466049577014838,usable
RB_ACC,rms,RB_ACC_x_rms,0.8033942384963006,0.6092679967060523,1.037047129207726,0.0,0.0,0.10575485151475066,0.10574902824811555,-0.005506382498482993,usable
RB_ACC,energy,RB_ACC_x_energy,13.132441022068356,7.424149836204122,21.50933496395972,0.0,0.0,3.2765247729189664,3.276244039394544,-0.0085680269150688,usable
RB_ACC,entropy,RB_ACC_x_entropy,2.7773327325883583,1.2917601481809733,3.2841837197791888,0.0,0.0,0.29232565132492844,0.2797564498610873,-4.299725804722532,usable
RB_ACC,mav,RB_ACC_x_mav,0.8032858154361098,0.6092645810959267,0.976510743804868,0.0,0.0,0.10566830742687783,0.10566819170426577,-0.00010951496705146458,usable
RB_ACC,auc,RB_ACC_x_auc,15.258578407355685,11.57731712911992,17.39303374266986,0.0,0.0,2.00622912126162,2.0062286535270153,-2.3314117010288127e-05,usable
RB_ACC,slope,RB_ACC_x_slope,-5.784023520863029e-06,-0.026426099388951,0.0286855462008816,0.0,0.0,0.0013580586887563682,0.0013589673201045592,0.06690663339616164,usable
RB_ACC,rate,RB_ACC_x_zero_crossing_rate,8.16943406245532e-05,0.0,0.1052631578947368,0.0,0.0,0.002931904841261257,0.002931904841261257,0.0,usable
RB_ACC,cv,RB_ACC_x_cv,0.0065790472802210575,0.0002564895563069,1.0042193635680792,0.0,0.0,0.029930382431454065,0.02974680041598898,-0.6133634138672345,usable
RB_ACC,mean,RB_ACC_y_mean,-0.13314464799982398,-0.5543890672818529,0.1201407421496774,0.0,0.0,0.15318830487823876,0.1531879443417303,-0.00023535511326412987,usable
RB_ACC,median,RB_ACC_y_median,-0.13295144345045287,-0.5616284001275552,0.1216068450802855,0.0,0.0,0.1531776287362433,0.1531794313744897,0.0011768286669976698,usable
RB_ACC,std,RB_ACC_y_std,0.008273786601176223,0.0003782205113017,0.6467556516805073,0.0,0.0,0.021194324642240386,0.021100945739416413,-0.4405844696644348,usable
RB_ACC,variance,RB_ACC_y_variance,0.0005174806307818585,1.430507551693297e-07,0.4182928729806777,0.0,0.0,0.011645498483822415,0.011476481440551276,-1.4513508675127338,usable
RB_ACC,min,RB_ACC_y_min,-0.1499244225592983,-2.627580122112998,0.1040433799608727,0.0,0.0,0.1673753558750513,0.16683484974842405,-0.32293053167920244,usable
RB_ACC,max,RB_ACC_y_max,-0.117936280385935,-0.5210469064811245,0.5354075173496249,0.0,0.0,0.15793125574973063,0.15777867666217213,-0.09661107729067257,usable
RB_ACC,range,RB_ACC_y_range,0.031988142173363265,0.0013235878196239,3.162987639462622,0.0,0.0,0.09678895039572415,0.09461550001848447,-2.245556304054821,usable
RB_ACC,iqr,RB_ACC_y_iqr,0.009444099023058542,0.0003329997488758,0.3353760248672572,0.0,0.0,0.016396034100178036,0.016505937209416278,0.6703030047799673,usable
RB_ACC,skewness,RB_ACC_y_skewness,-0.1016006631758927,-3.56590695066264,3.714973863366166,0.0,0.0,0.7697006916582568,0.7604011569195294,-1.2082014268029801,usable
RB_ACC,kurtosis,RB_ACC_y_kurtosis,0.01775284268082871,-1.8357099250115347,13.25084166581339,0.0,0.0,1.5745376084074858,1.5411813857121048,-2.1184773559723364,usable
RB_ACC,rms,RB_ACC_y_rms,0.14510036003564913,0.001038171515254,0.6625732254499795,0.0,0.0,0.14372344863469175,0.14369779311006345,-0.01785061858173773,usable
RB_ACC,energy,RB_ACC_y_energy,0.8340505696251952,2.1556001901697924e-05,8.780065581663788,0.0,0.0,1.4558738027176605,1.4553433245771412,-0.03643709636982839,usable
RB_ACC,entropy,RB_ACC_y_entropy,2.794135186277643,0.747584679824574,3.2841837197791888,0.0,0.0,0.30788485892131806,0.3016916372963925,-2.0115382245894398,usable
RB_ACC,mav,RB_ACC_y_mav,0.14397063812043212,0.0008915111176407,0.5543890672818529,0.0,0.0,0.1433921231692525,0.14338885573104596,-0.0022786734266420656,usable
RB_ACC,auc,RB_ACC_y_auc,-2.5293406728143,-10.58730149276926,2.2922340614016075,0.0,0.0,2.9112826688105233,2.9112823467253324,-1.1063343124082003e-05,usable
RB_ACC,slope,RB_ACC_y_slope,-1.1661287618896662e-05,-0.02200020065236,0.0258579292399169,0.0,0.0,0.001508580619719675,0.0015087981336386479,0.01441844844946967,usable
RB_ACC,rate,RB_ACC_y_zero_crossing_rate,0.011314666176500619,0.0,0.7368421052631579,0.0,0.0,0.05074781255539859,0.06052625194850072,19.268691399117042,usable
RB_ACC,cv,RB_ACC_y_cv,0.40933177475537547,0.003806028375283,159.81102522547795,0.0,0.0,4.427570983463133,5.448170343497807,23.050999381976865,usable
RB_ACC,mean,RB_ACC_z_mean,-0.34853488085183204,-0.7292265846736504,0.2116218235618888,0.0,0.0,0.24075871943520183,0.2407581134098014,-0.00025171482961854026,usable
RB_ACC,median,RB_ACC_z_median,-0.3484159968583046,-0.7291472273649644,0.2229786785845589,0.0,0.0,0.24109195625726282,0.24110393509646244,0.004968576880615619,usable
RB_ACC,std,RB_ACC_z_std,0.013064741305733795,0.0007882971881512,0.645702763845494,0.0,0.0,0.03084118458680467,0.030774986931005357,-0.2146404448668199,usable
RB_ACC,variance,RB_ACC_z_variance,0.0011214970290116197,6.214124568471966e-07,0.4169320592377098,0.0,0.0,0.013762363192892977,0.013613866220667773,-1.0790077993428475,usable
RB_ACC,min,RB_ACC_z_min,-0.37137952729485213,-2.642250723607072,0.1905443646124161,0.0,0.0,0.24082328699665248,0.24043858191998135,-0.15974579596053531,usable
RB_ACC,max,RB_ACC_z_max,-0.3256553228455716,-0.7267953496401305,0.7401678076269954,0.0,0.0,0.25769538738140235,0.25759539991191954,-0.03880064385274502,usable
RB_ACC,range,RB_ACC_z_range,0.04572420444928051,0.0032931517328909,3.1509523953338285,0.0,0.0,0.11683287440921697,0.11496331092151929,-1.6002032793863954,usable
RB_ACC,iqr,RB_ACC_z_iqr,0.016966871866678425,0.000785929758735,0.7604932069428768,0.0,0.0,0.03764616661533865,0.037650339379737725,0.011084168121848903,usable
RB_ACC,skewness,RB_ACC_z_skewness,-0.08801732623294965,-2.99760480045545,3.592006772585004,0.0,0.0,0.7295825710307484,0.7235133759157947,-0.8318722727133174,usable
RB_ACC,kurtosis,RB_ACC_z_kurtosis,-0.2960001004805681,-1.7921671108176178,12.490317693612957,0.0,0.0,1.2256943286117108,1.196198368708946,-2.4064694772777186,usable
RB_ACC,rms,RB_ACC_z_rms,0.36070008160530104,0.0057728613362529,0.7292283473198617,0.0,0.0,0.2246227021114355,0.2245918207688914,-0.013748095029501651,usable
RB_ACC,energy,RB_ACC_z_energy,3.6108065613416476,0.000666518560152,10.63547965069714,0.0,0.0,3.45642004205698,3.4562418555648025,-0.005155232581965645,usable
RB_ACC,entropy,RB_ACC_z_entropy,2.7960532092611454,0.8475846798245739,3.284183719779189,0.0,0.0,0.27872044846199495,0.27733667047027916,-0.4964752314914853,usable
RB_ACC,mav,RB_ACC_z_mav,0.35892992343962815,0.0045328035133294,0.7292265846736504,0.0,0.0,0.22558666131966962,0.2255627607603646,-0.010594845974134895,usable
RB_ACC,auc,RB_ACC_z_auc,-6.6222973174793465,-13.852135276989568,4.116966876102645,0.0,0.0,4.575150123456752,4.575149564583792,-1.221540157751698e-05,usable
RB_ACC,slope,RB_ACC_z_slope,-6.206952777736885e-05,-0.0584949617563629,0.0492716219305611,0.0,0.0,0.003483806055530948,0.0034845621265586807,0.021702443123438227,usable
RB_ACC,rate,RB_ACC_z_zero_crossing_rate,0.010497722770255086,0.0,0.8421052631578947,0.0,0.0,0.04459623548623589,0.0529200643026356,18.66486873980375,usable
RB_ACC,cv,RB_ACC_z_cv,0.33257487043415274,0.0014459682062722,127.14697904207908,0.0,0.0,3.3844381088937543,3.415566541447705,0.9197518628616735,usable
RB_ECG,mean,RB_ECG_value_mean,0.0010803089191346725,-0.0355585886150581,0.027945910623036,0.0,0.0,0.004807374659307741,0.003591355886435135,-25.29486172911915,usable
RB_ECG,median,RB_ECG_value_median,0.0033316557749097143,-0.0578755156092412,0.0544495285359511,0.0,0.0,0.014378804824427958,0.013833481892557814,-3.792547006018905,usable
RB_ECG,std,RB_ECG_value_std,0.06470187281751923,0.0114715661055072,0.2029853580827435,0.0,0.0,0.02608911983478034,0.026027543395433998,-0.2360234447781235,usable
RB_ECG,variance,RB_ECG_value_variance,0.004866710397933383,0.000131596828913,0.0412030555959796,0.0,0.0,0.004068243026051186,0.003947690157767964,-2.9632661448998148,usable
RB_ECG,min,RB_ECG_value_min,-0.10820084817840812,-0.5340415829488253,-0.0210366550039489,0.0,0.0,0.05146935507665918,0.04816579707512664,-6.418495037701905,usable
RB_ECG,max,RB_ECG_value_max,0.10451740935016941,0.0244371392474414,0.5513243100673775,0.0,0.0,0.04068364997373788,0.038932610836908674,-4.304036481386343,usable
RB_ECG,range,RB_ECG_value_range,0.21271825752857756,0.0454737942513904,0.9478817177347818,0.0,0.0,0.08792304641007011,0.08458796308452837,-3.793184451306452,usable
RB_ECG,iqr,RB_ECG_value_iqr,0.1048615924464704,0.0149563547464482,0.256003160261327,0.0,0.0,0.045174683699722336,0.044895957922216526,-0.616995526429161,usable
RB_ECG,skewness,RB_ECG_value_skewness,-0.029566890587292016,-2.276436063323241,1.517488617303675,0.0,0.0,0.33181849148176407,0.2864545518506436,-13.671311513877324,usable
RB_ECG,kurtosis,RB_ECG_value_kurtosis,-1.06508311728152,-1.8261991049228592,5.625584318822067,0.0,0.0,0.5061928502130565,0.41087247231367496,-18.830842407051225,usable
RB_ECG,rms,RB_ECG_value_rms,0.0648713405614923,0.0115747810006361,0.2030341661035895,0.0,0.0,0.02613337982117782,0.02608054762059606,-0.20216367321514558,usable
RB_ECG,energy,RB_ECG_value_energy,0.09781958696573735,0.0026795111042537,0.8244574521076001,0.0,0.0,0.08171700163269317,0.0792308954453887,-3.04233652438594,usable
RB_ECG,entropy,RB_ECG_value_entropy,2.933662974743003,2.019240704636849,3.284183719779189,0.0,0.0,0.17835109381821054,0.17975344667967025,0.7862877829552831,usable
RB_ECG,mav,RB_ECG_value_mav,0.056025123844034914,0.0094145719578961,0.1356785454962187,0.0,0.0,0.02246969494010067,0.022496673519420165,0.12006651354820175,usable
RB_ECG,auc,RB_ECG_value_auc,0.019357561194277655,-0.7407975857084464,0.5871368162013213,0.0,0.0,0.07786244266956475,0.04457763290052332,-42.748221899865925,usable
RB_ECG,slope,RB_ECG_value_slope,-3.1947569880644665e-05,-0.0105045382406261,0.006697285908236,0.0,0.0,0.0013802130493038801,0.0009631415061127117,-30.217910445167966,usable
RB_ECG,rate,RB_ECG_value_zero_crossing_rate,0.5450646406470191,0.1578947368421052,0.8947368421052632,0.0,0.0,0.094011828266112,0.09718329513429401,3.3734764302261886,usable
RB_ECG,cv,RB_ECG_value_cv,97.59505081486856,1.3752860057137488,34148.96318246012,0.0,0.0,850.3728851151152,1219.0512260057,43.35490316588314,usable
RB_EDA,mean,RB_EDA_value_mean,3.8213703160528407,0.556952266129767,11.893924577002789,0.0,0.0,2.877606997984189,2.8776069654534524,-1.1304787899736297e-06,usable
RB_EDA,median,RB_EDA_value_median,3.8191264362452317,0.5569919636840615,11.91427478007919,0.0,0.0,2.876928599080588,2.876929055537884,1.5866132239318112e-05,usable
RB_EDA,std,RB_EDA_value_std,0.0199537389850842,0.0006675554690581,0.7699338419296895,0.0,0.0,0.04663764978269994,0.046589212540092496,-0.1038586696223574,usable
RB_EDA,variance,RB_EDA_value_variance,0.002572378044772287,4.45630304269388e-07,0.5927981209486121,0.0,0.0,0.019790264523254508,0.019608852721478283,-0.9166719402009867,usable
RB_EDA,min,RB_EDA_value_min,3.7908654367901464,0.5497040164883693,11.671506653288064,0.0,0.0,2.8556921982778727,2.8556208077334913,-0.0024999383485547026,usable
RB_EDA,max,RB_EDA_value_max,3.856103391275725,0.5633019754034121,12.0525877227623,0.0,0.0,2.902624081591951,2.9026033697734084,-0.0007135549750935429,usable
RB_EDA,range,RB_EDA_value_range,0.06523795448557913,0.0023575809980966,3.6607422027042302,0.0,0.0,0.16348123203513248,0.16187704945295922,-0.9812640645065124,usable
RB_EDA,iqr,RB_EDA_value_iqr,0.029922189296915227,0.0006944481877337,0.9549981527341772,0.0,0.0,0.06824492647321513,0.06823624039173515,-0.012727805463153974,usable
RB_EDA,skewness,RB_EDA_value_skewness,0.17367862978017687,-2.893774760323754,2.619707422275325,0.0,0.0,0.5337028813517806,0.5290382885633603,-0.8740055471699166,usable
RB_EDA,kurtosis,RB_EDA_value_kurtosis,-0.5433088303767138,-1.8013347537337547,8.21599986774087,0.0,0.0,0.9534992665730134,0.9357843852915249,-1.8578809551849895,usable
RB_EDA,rms,RB_EDA_value_rms,3.821587163909797,0.5569609023152367,11.894364343782067,0.0,0.0,2.8777660448951172,2.8777656421851674,-1.399383909425064e-05,usable
RB_EDA,energy,RB_EDA_value_energy,457.6570445101184,6.204108934156052,2829.518062852684,0.0,0.0,542.6165296560025,542.6163828958644,-2.704675035046479e-05,usable
RB_EDA,entropy,RB_EDA_value_entropy,2.8914549960265687,1.4567796494470395,3.284183719779189,0.0,0.0,0.24039376304939777,0.23949426793876863,-0.3741757270317826,usable
RB_EDA,mav,RB_EDA_value_mav,3.8213703160528407,0.556952266129767,11.893924577002789,0.0,0.0,2.877606997984189,2.8776069654534524,-1.1304787899736297e-06,usable
RB_EDA,auc,RB_EDA_value_auc,72.6055457566711,10.58098175945629,225.9349547858842,0.0,0.0,54.6742926890579,54.674292663276134,-4.7155189006309825e-08,usable
RB_EDA,slope,RB_EDA_value_slope,-1.3764788111184744e-05,-0.0890105467150063,0.0745582502764238,0.0,0.0,0.006719637243475638,0.0067201496394299655,0.0076253514254098495,usable
RB_EDA,rate,RB_EDA_value_zero_crossing_rate,0.0,0.0,0.0,0.0,0.0,0.0,0.0,,usable
RB_EDA,cv,RB_EDA_value_cv,0.004934918583882345,0.0004663059130103,0.1021491975183346,0.0,0.0,0.008744876986332131,0.008740767978014177,-0.046987605707622566,usable
RB_EMG,mean,RB_EMG_value_mean,-0.002699683906703736,-0.0391431421393769,-0.001586620486244,0.0,0.0,0.001157408872776743,0.0010278377183824876,-11.194933565992185,usable
RB_EMG,median,RB_EMG_value_median,-0.0026685823335136165,-0.0042025951817985,-0.0015623597601041,0.0,0.0,0.0005593982980056191,0.00026408235368624404,-52.79171305530298,usable
RB_EMG,std,RB_EMG_value_std,0.000488193262228151,0.0001070174899811,0.1464697127649376,0.0,0.0,0.0040732276682666465,0.0040732276682666465,0.0,usable
RB_EMG,variance,RB_EMG_value_variance,1.6823078121232537e-05,1.145274316186108e-08,0.0214533767574433,0.0,0.0,0.000597519144495122,0.000597519144495122,0.0,usable
RB_EMG,min,RB_EMG_value_min,-0.003890960348546433,-0.6015077040040132,-0.0022014215336158,0.0,0.0,0.01666943461097216,0.01664482578694145,-0.14762842654848718,usable
RB_EMG,max,RB_EMG_value_max,-0.0018354696520450065,-0.0036745252741525,0.1151284633659302,0.0,0.0,0.0033677033046594874,0.0033373661495329035,-0.9008262421636156,usable
RB_EMG,range,RB_EMG_value_range,0.0020554906965013753,0.0003732605855636,0.7166361673699434,0.0,0.0,0.01993860625394109,0.01993860625394109,0.0,usable
RB_EMG,iqr,RB_EMG_value_iqr,0.000486478176953775,0.0001035969426969,0.0296837670107372,0.0,0.0,0.0008229062409373295,0.0008229062409373295,0.0,usable
RB_EMG,skewness,RB_EMG_value_skewness,-0.03858033066374206,-2.881535511598603,2.563684647414338,0.0,0.0,0.579067040499241,0.579067040499241,0.0,usable
RB_EMG,kurtosis,RB_EMG_value_kurtosis,-0.04645684432331629,-1.6872886364239954,8.210534336548216,0.0,0.0,1.0427529354712226,1.0427529354712226,0.0,usable
RB_EMG,rms,RB_EMG_value_rms,0.002821602552919888,0.0016742883641736,0.1516053670236892,0.0,0.0,0.004182797512716357,0.00419049525649281,0.18403338323338306,usable
RB_EMG,energy,RB_EMG_value_energy,0.0005090089357738763,5.606483052814305e-05,0.4596837462077503,0.0,0.0,0.012798445442659666,0.012659459972612605,-1.0859558738579012,usable
RB_EMG,entropy,RB_EMG_value_entropy,2.864802168065663,1.2917601481809735,3.284183719779189,0.0,0.0,0.20785453907533952,0.20785453907533952,0.0,usable
RB_EMG,mav,RB_EMG_value_mav,0.0027226232674123236,0.001586620486244,0.06744880291005,0.0,0.0,0.0018842407066237176,0.001839214993365341,-2.3895945512745054,usable
RB_EMG,auc,RB_EMG_value_auc,-0.05131801243512104,-0.7689244997886765,-0.0297680679407833,0.0,0.0,0.022588620861112154,0.020187073227744844,-10.631670025954252,usable
RB_EMG,slope,RB_EMG_value_slope,3.616882271789011e-07,-0.0052476436568116,0.0057227257473892,0.0,0.0,0.00015392747302785874,0.00015392747302785874,0.0,usable
RB_EMG,rate,RB_EMG_value_zero_crossing_rate,0.0010416028429630533,0.0,0.631578947368421,0.0,0.0,0.019344489816974293,0.17454848013581012,802.3162760418128,usable
RB_EMG,cv,RB_EMG_value_cv,0.15364967104290533,0.0284042754344754,3.748330598383821,0.0,0.0,0.13284101898203868,334.518816237329,251718.91768126152,usable
RB_RESP,mean,RB_RESP_value_mean,0.053191211023572625,-8.29764386749427,5.114394486646729,0.0,0.0,0.9217915375938937,0.8603833726447262,-6.661827804305744,usable
RB_RESP,median,RB_RESP_value_median,-0.24747701516464635,-10.377096737301454,5.886124899465011,0.0,0.0,1.0552535182972609,1.0047115558581408,-4.789556401638326,usable
RB_RESP,std,RB_RESP_value_std,2.0533978195993026,0.3063341258622991,12.135982622825756,0.0,0.0,1.329215467470034,1.322352164276506,-0.5163424111059596,usable
RB_RESP,variance,RB_RESP_value_variance,5.98257075574279,0.0938405966678189,147.28207422152872,0.0,0.0,10.428127309790332,10.311301267673537,-1.1202974287350156,usable
RB_RESP,min,RB_RESP_value_min,-2.8518534313217154,-19.78826880335896,1.094946908706377,0.0,0.0,2.1825887489623734,2.0972844130994597,-3.9084017043278703,usable
RB_RESP,max,RB_RESP_value_max,3.7316509311978106,-1.625417624658276,19.215606160858226,0.0,0.0,2.6382282579615426,2.642761129515385,0.1718149875835614,usable
RB_RESP,range,RB_RESP_value_range,6.583504362519527,1.016053330032646,32.339340166542144,0.0,0.0,4.181305243865962,4.156058110783097,-0.6038098538704605,usable
RB_RESP,iqr,RB_RESP_value_iqr,3.151782486321296,0.3342347073001224,25.795145071332943,0.0,0.0,2.1419907314814446,2.1281416606635006,-0.6465513885938083,usable
RB_RESP,skewness,RB_RESP_value_skewness,0.29853524885012944,-2.315623767038839,2.4544339982621395,0.0,0.0,0.4343383368963441,0.4346743234170545,0.0773559440115824,usable
RB_RESP,kurtosis,RB_RESP_value_kurtosis,-0.9415230440854645,-1.783614011235974,6.45460248422892,0.0,0.0,0.6217285471404413,0.6267607283741568,0.8093855842489878,usable
RB_RESP,rms,RB_RESP_value_rms,2.1797101290928103,0.5204937613624121,12.3339636478049,0.0,0.0,1.443759880403294,1.4174875616576545,-1.8197152519780995,usable
RB_RESP,energy,RB_RESP_value_energy,136.69539950213985,5.418275112343832,3042.533185307455,0.0,0.0,240.12217008801812,231.32461399403923,-3.6637833527633474,usable
RB_RESP,entropy,RB_RESP_value_entropy,2.9247697244024877,1.5567796494470396,3.2841837197791888,0.0,0.0,0.20699238659883756,0.2078030796461799,0.391653558212019,usable
RB_RESP,mav,RB_RESP_value_mav,1.8405112479505552,0.4125459536943725,11.575268386541914,0.0,0.0,1.1966804068870607,1.1750250839514054,-1.8096162359662562,usable
RB_RESP,auc,RB_RESP_value_auc,0.9890402339680046,-165.22489939040398,97.6940794006478,0.0,0.0,18.3231871658643,17.189547838995146,-6.186911243154793,usable
RB_RESP,slope,RB_RESP_value_slope,0.002456008555448629,-1.871535514320072,1.4912245870945586,0.0,0.0,0.23493570618364149,0.2330686745615945,-0.7946989635486024,usable
RB_RESP,rate,RB_RESP_value_zero_crossing_rate,0.1438637338398382,0.0,0.4736842105263157,0.0,0.0,0.05323951481758921,0.05316808735928683,-0.1341624891720143,usable
RB_RESP,cv,RB_RESP_value_cv,20.894151545256047,0.2780130789767955,3754.40608554874,0.0,0.0,102.2901071595123,170.8665462316597,67.04112545821127,usable
RB_TEMP,mean,RB_TEMP_value_mean,31.751584399314513,26.231453364934605,34.39816251081146,0.0,0.0,1.6461267989026502,1.6471434436824761,0.06175980978522448,usable
RB_TEMP,median,RB_TEMP_value_median,31.757176013196812,28.17113874518664,34.399372051899995,0.0,0.0,1.6398853320791635,1.6392010040812521,-0.04173023470145714,usable
RB_TEMP,std,RB_TEMP_value_std,0.03186873018953094,0.000696039469499,29.989637636220408,0.0,0.0,0.8354919167325343,0.3738461656003353,-55.25436475048334,usable
RB_TEMP,variance,RB_TEMP_value_variance,0.6987914831644523,4.844709431004627e-07,899.3783655518075,0.0,0.0,25.042993646455695,4.939735286426667,-80.27498087423832,usable
RB_TEMP,min,RB_TEMP_value_min,31.64747833319248,-88.85712020083531,34.38423238938808,0.0,0.0,3.7374007860293674,1.9012766284213842,-49.12837190144358,usable
RB_TEMP,max,RB_TEMP_value_max,31.791743957364854,28.175260572933038,57.83440290316251,0.0,0.0,1.7964137999332994,1.6626065844451876,-7.448574236797783,usable
RB_TEMP,range,RB_TEMP_value_range,0.14426562417237815,0.00249359553532,146.69152310399784,0.0,0.0,4.087640946397161,1.183003371220072,-71.05901945074778,usable
RB_TEMP,iqr,RB_TEMP_value_iqr,0.01723007168140868,0.0005314429678904,6.123489000569908,0.0,0.0,0.16984514134120154,0.421601892757595,148.22723183505138,usable
RB_TEMP,skewness,RB_TEMP_value_skewness,0.03375053477921145,-2.878444773593985,2.145271666615683,0.0,0.0,0.46429873227294965,0.5225864270008123,12.55392071447585,usable
RB_TEMP,kurtosis,RB_TEMP_value_kurtosis,-0.6509675608608593,-1.7727487298441411,8.198270743939732,0.0,0.0,0.816066041111325,0.7290289879721977,-10.66544234834224,usable
RB_TEMP,rms,RB_TEMP_value_rms,31.762158111437316,28.17080358062044,39.8573225986948,0.0,0.0,1.6543758512155198,1.6408322685831596,-0.8186520990625764,usable
RB_TEMP,energy,RB_TEMP_value_energy,20231.41170562124,15871.88348755795,31772.123294728543,0.0,0.0,2057.741704405695,2034.89134829086,-1.1104579387156235,usable
RB_TEMP,entropy,RB_TEMP_value_entropy,2.9613966105824443,1.3917601481809734,3.321928094887362,0.0,0.0,0.210235288415805,0.2563779498140665,21.9481047858151,usable
RB_TEMP,mav,RB_TEMP_value_mav,31.759891975465074,28.17080344645308,36.95746023708419,0.0,0.0,1.6453123360035584,1.6460861216593121,0.04702971215989393,usable
RB_TEMP,auc,RB_TEMP_value_auc,603.2751810328242,493.5128134905022,653.572227682397,0.0,0.0,31.288699761191047,31.320180368303003,0.10061334396197101,usable
RB_TEMP,slope,RB_TEMP_value_slope,9.156620842019012e-05,-1.0754027949278115,1.1691089337825278,0.0,0.0,0.031531225863528994,0.034049660055109045,7.987111577837607,usable
RB_TEMP,rate,RB_TEMP_value_zero_crossing_rate,8.16943406245532e-05,0.0,0.1052631578947368,0.0,0.0,0.002931904841261257,0.002931904841261257,0.0,usable
RB_TEMP,cv,RB_TEMP_value_cv,0.0011573903575075029,2.111684193024475e-05,1.1429296769279054,0.0,0.0,0.031831845552108634,0.014351550450557728,-54.91448830051565,usable
