subject_id,window_index,original_label,stress_label,predicted_stress,correct,stress_probability
S2,122,1,0,0,True,1.5033298327498683e-07
S2,123,1,0,0,True,9.362851492497065e-09
S2,124,1,0,0,True,8.75527308853655e-08
S2,125,1,0,0,True,2.7428873624323003e-07
S2,126,1,0,0,True,1.5268350531718009e-07
S2,127,1,0,0,True,1.5914344760841134e-08
S2,128,1,0,0,True,2.607744762909268e-08
S2,129,1,0,0,True,2.2010847631400357e-08
S2,130,1,0,0,True,4.5198045636074386e-08
S2,131,1,0,0,True,1.4893864234129818e-05
S2,132,1,0,0,True,0.007513675161321408
S2,133,1,0,0,True,4.4604412331401616e-05
S2,134,1,0,0,True,0.00017156042554912536
S2,135,1,0,0,True,1.929014624721722e-06
S2,136,1,0,0,True,3.1910269019332e-07
S2,137,1,0,0,True,5.8178967696723815e-08
S2,138,1,0,0,True,9.131219905613159e-23
S2,139,1,0,0,True,8.738739976773637e-10
S2,140,1,0,0,True,5.091065568206359e-11
S2,141,1,0,0,True,4.55528064926211e-09
S2,142,1,0,0,True,6.433025032235849e-08
S2,143,1,0,0,True,2.8335675363032835e-07
S2,144,1,0,0,True,3.037446458236728e-09
S2,145,1,0,0,True,8.697686509694135e-11
S2,146,1,0,0,True,1.3362700153555543e-10
S2,147,1,0,0,True,1.426319022313598e-10
S2,148,1,0,0,True,3.3884481026896235e-11
S2,149,1,0,0,True,2.957835280790031e-11
S2,150,1,0,0,True,6.274744568189621e-11
S2,151,1,0,0,True,4.709457168020498e-13
S2,152,1,0,0,True,2.494412996296512e-11
S2,153,1,0,0,True,2.2820563641140985e-10
S2,154,1,0,0,True,3.6223295495566693e-09
S2,155,1,0,0,True,7.626067031708127e-08
S2,156,1,0,0,True,4.404608309507736e-10
S2,157,1,0,0,True,1.174824340061671e-10
S2,158,1,0,0,True,1.1639679619639604e-10
S2,159,1,0,0,True,1.6342247326607253e-08
S2,160,1,0,0,True,3.844544154195048e-09
S2,161,1,0,0,True,3.6719821145679583e-10
S2,162,1,0,0,True,2.7384397634525312e-11
S2,163,1,0,0,True,8.169905183756769e-12
S2,164,1,0,0,True,3.97022950583733e-10
S2,165,1,0,0,True,2.855689516482912e-10
S2,166,1,0,0,True,1.4042433483204607e-12
S2,167,1,0,0,True,1.17598829834192e-09
S2,168,1,0,0,True,9.151746545907965e-09
S2,169,1,0,0,True,1.232166550049381e-07
S2,170,1,0,0,True,2.7016745980543856e-08
S2,171,1,0,0,True,1.034843112878552e-09
S2,172,1,0,0,True,2.024763348587365e-09
S2,173,1,0,0,True,6.803787379457026e-09
S2,174,1,0,0,True,4.1631275207337816e-09
S2,175,1,0,0,True,2.0891917751447932e-08
S2,176,1,0,0,True,2.0645447695666127e-09
S2,177,1,0,0,True,4.063010662768938e-09
S2,178,1,0,0,True,5.333913393738167e-09
S2,179,1,0,0,True,3.405153367125747e-09
S2,180,1,0,0,True,2.2902485184565777e-08
S2,181,1,0,0,True,2.486263235645872e-08
S2,182,1,0,0,True,4.227368924642084e-09
S2,183,1,0,0,True,1.5139130803246404e-11
S2,184,1,0,0,True,3.2745665768321934e-10
S2,185,1,0,0,True,6.008075343742094e-11
S2,186,1,0,0,True,2.0231145349824763e-09
S2,187,1,0,0,True,5.542001919017326e-09
S2,188,1,0,0,True,1.7691517691143765e-09
S2,189,1,0,0,True,3.811808262187629e-09
S2,190,1,0,0,True,2.536369167829532e-08
S2,191,1,0,0,True,4.832508271167431e-07
S2,192,1,0,0,True,1.9335477386035905e-07
S2,193,1,0,0,True,7.750409608731445e-09
S2,194,1,0,0,True,7.015793466897915e-10
S2,195,1,0,0,True,6.403258981579324e-10
S2,196,1,0,0,True,5.059250423331e-12
S2,197,1,0,0,True,8.88489381712742e-12
S2,198,1,0,0,True,2.4104466234632966e-10
S2,199,1,0,0,True,1.0334494574858946e-09
S2,200,1,0,0,True,3.901957139507569e-09
S2,201,1,0,0,True,1.8337745144041428e-09
S2,202,1,0,0,True,9.148044077345184e-10
S2,203,1,0,0,True,7.539897361187313e-09
S2,204,1,0,0,True,9.821965196371713e-10
S2,205,1,0,0,True,7.966532581828196e-10
S2,206,1,0,0,True,2.7035466482997995e-10
S2,207,1,0,0,True,1.4207413173111715e-10
S2,208,1,0,0,True,2.3732551049715396e-10
S2,209,1,0,0,True,7.968688792626261e-11
S2,210,1,0,0,True,2.9525369108216817e-10
S2,211,1,0,0,True,6.225493352486216e-10
S2,212,1,0,0,True,7.357194982112342e-10
S2,213,1,0,0,True,5.310071146757933e-10
S2,214,1,0,0,True,1.1169503442037252e-10
S2,215,1,0,0,True,7.022793938602813e-10
S2,216,1,0,0,True,1.0018523127461292e-09
S2,217,1,0,0,True,2.941086082389119e-10
S2,218,1,0,0,True,8.996341028362688e-10
S2,219,1,0,0,True,5.710134950536437e-10
S2,220,1,0,0,True,2.8512147663331154e-10
S2,221,1,0,0,True,4.2630587322230614e-11
S2,222,1,0,0,True,2.02672725353316e-10
S2,223,1,0,0,True,8.826454538216508e-11
S2,224,1,0,0,True,3.953813513778339e-10
S2,225,1,0,0,True,5.351915734897286e-11
S2,226,1,0,0,True,2.6353785728215272e-11
S2,227,1,0,0,True,6.133355302979961e-11
S2,228,1,0,0,True,1.0905030325477257e-10
S2,229,1,0,0,True,1.0791639617106996e-10
S2,230,1,0,0,True,4.2026784709495656e-11
S2,231,1,0,0,True,5.192447725379415e-12
S2,232,1,0,0,True,2.962954910618943e-11
S2,233,1,0,0,True,8.841336833416528e-10
S2,234,1,0,0,True,1.5865780772900273e-09
S2,235,1,0,0,True,8.891645216385076e-10
S2,236,1,0,0,True,8.18033162622979e-12
S2,237,1,0,0,True,2.7213912889452567e-11
S2,238,1,0,0,True,4.671359875573933e-11
S2,239,1,0,0,True,4.001263521951515e-12
S2,240,1,0,0,True,5.960558943790313e-10
S2,241,1,0,0,True,3.494858483012409e-10
S2,242,1,0,0,True,2.2426750054707583e-12
S2,243,1,0,0,True,6.349817503361144e-12
S2,244,1,0,0,True,6.685307858801942e-12
S2,245,1,0,0,True,1.9291074612075773e-11
S2,246,1,0,0,True,2.309122639738973e-09
S2,247,1,0,0,True,2.8477617464030713e-11
S2,248,1,0,0,True,1.0445125953003137e-10
S2,249,1,0,0,True,6.855504490109835e-11
S2,250,1,0,0,True,3.252501085164822e-11
S2,251,1,0,0,True,1.526898894298393e-11
S2,252,1,0,0,True,2.910193384816358e-10
S2,253,1,0,0,True,8.385920977323547e-10
S2,254,1,0,0,True,2.5114078327728316e-10
S2,255,1,0,0,True,7.647358661254602e-11
S2,256,1,0,0,True,2.365490156852708e-13
S2,257,1,0,0,True,3.746829960271042e-12
S2,258,1,0,0,True,1.2506295173487633e-09
S2,259,1,0,0,True,8.318742747319586e-10
S2,260,1,0,0,True,7.127832327396053e-14
S2,261,1,0,0,True,1.2499897423212045e-10
S2,262,1,0,0,True,7.556825946439329e-10
S2,263,1,0,0,True,2.4788135827479154e-09
S2,264,1,0,0,True,9.59741701250422e-11
S2,265,1,0,0,True,3.1514441905557495e-11
S2,266,1,0,0,True,4.0130926373029486e-13
S2,267,1,0,0,True,3.2685691750003693e-10
S2,268,1,0,0,True,2.288642620304778e-08
S2,269,1,0,0,True,2.091431919887072e-08
S2,270,1,0,0,True,9.656035684471767e-13
S2,271,1,0,0,True,1.7712818984705321e-12
S2,272,1,0,0,True,2.6024977371992587e-11
S2,273,1,0,0,True,2.227194786819808e-11
S2,274,1,0,0,True,5.693533316686648e-12
S2,275,1,0,0,True,2.5032857665293817e-11
S2,276,1,0,0,True,4.0199229897486785e-11
S2,277,1,0,0,True,9.468340178190364e-12
S2,278,1,0,0,True,4.0915811255062835e-12
S2,279,1,0,0,True,3.2000112114363492e-12
S2,280,1,0,0,True,2.9739733918113458e-12
S2,281,1,0,0,True,6.236105448334495e-12
S2,282,1,0,0,True,7.852719435515804e-08
S2,283,1,0,0,True,2.6767182426971743e-07
S2,284,1,0,0,True,7.189401441677981e-12
S2,285,1,0,0,True,9.198801131395033e-12
S2,286,1,0,0,True,2.359716943339145e-13
S2,287,1,0,0,True,1.2512204168048874e-11
S2,288,1,0,0,True,2.021357118737328e-11
S2,289,1,0,0,True,1.3323316333245855e-11
S2,290,1,0,0,True,4.356832613670817e-11
S2,291,1,0,0,True,9.87096702837049e-13
S2,292,1,0,0,True,3.6032558497531595e-12
S2,293,1,0,0,True,1.2057275558206167e-11
S2,294,1,0,0,True,5.074254238023995e-12
S2,295,1,0,0,True,1.7546504428402072e-12
S2,296,1,0,0,True,7.910859131660697e-12
S2,297,1,0,0,True,3.4274541326831603e-12
S2,298,1,0,0,True,1.210248985690368e-12
S2,299,1,0,0,True,9.719628515118615e-13
S2,300,1,0,0,True,2.9404227626446618e-12
S2,301,1,0,0,True,2.096096738321512e-11
S2,302,1,0,0,True,4.364232040284531e-12
S2,303,1,0,0,True,2.036585162589695e-12
S2,304,1,0,0,True,1.8881604883443905e-11
S2,305,1,0,0,True,2.4598054979604263e-12
S2,306,1,0,0,True,3.685746653295663e-12
S2,307,1,0,0,True,9.325003814708439e-12
S2,308,1,0,0,True,3.4384486298606132e-12
S2,309,1,0,0,True,9.94051261429133e-12
S2,310,1,0,0,True,2.7986281883873975e-12
S2,311,1,0,0,True,2.618593991032779e-14
S2,312,1,0,0,True,6.664374451251377e-14
S2,313,1,0,0,True,6.353718566667067e-12
S2,314,1,0,0,True,6.976836083106576e-11
S2,315,1,0,0,True,5.440871697226344e-11
S2,316,1,0,0,True,1.1646553773184528e-11
S2,317,1,0,0,True,1.6771319923499949e-12
S2,318,1,0,0,True,6.215856101641077e-15
S2,319,1,0,0,True,1.97316645736299e-12
S2,320,1,0,0,True,3.280521762538504e-12
S2,321,1,0,0,True,4.683820126737365e-12
S2,322,1,0,0,True,1.7404563874777092e-09
S2,323,1,0,0,True,6.798610182926296e-08
S2,324,1,0,0,True,1.4159620041212297e-09
S2,325,1,0,0,True,5.229041628792324e-11
S2,326,1,0,0,True,1.5238760527612497e-10
S2,327,1,0,0,True,6.864090872157597e-11
S2,328,1,0,0,True,7.034840372845545e-11
S2,329,1,0,0,True,6.255419605364501e-11
S2,330,1,0,0,True,1.1086090036583724e-10
S2,331,1,0,0,True,1.1694313635623227e-10
S2,332,1,0,0,True,2.3253036666743516e-11
S2,333,1,0,0,True,1.081249315455582e-11
S2,334,1,0,0,True,2.8456605918441688e-11
S2,335,1,0,0,True,2.25862561447694e-11
S2,336,1,0,0,True,6.906265800241457e-11
S2,337,1,0,0,True,7.804001176619457e-11
S2,338,1,0,0,True,4.543800035872684e-11
S2,339,1,0,0,True,1.1570115987043543e-11
S2,340,1,0,0,True,9.258267349737351e-11
S2,341,1,0,0,True,6.085256040110344e-11
S2,342,1,0,0,True,8.242415498000913e-12
S2,343,1,0,0,True,7.471923825404437e-12
S2,344,1,0,0,True,7.684469124886983e-12
S2,345,1,0,0,True,7.457891398400634e-12
S2,346,1,0,0,True,6.732739225737419e-12
S2,347,1,0,0,True,5.380327440641409e-12
S2,348,1,0,0,True,7.173319123387869e-12
S2,349,1,0,0,True,2.7244927337000536e-12
S2,350,1,0,0,True,5.415586118947972e-12
S2,351,1,0,0,True,1.2859827998840269e-11
S2,352,1,0,0,True,1.7471910870649554e-11
S2,353,1,0,0,True,8.300481749274726e-12
S2,354,1,0,0,True,3.9135445163064196e-11
S2,355,1,0,0,True,3.681823328667182e-11
S2,356,1,0,0,True,2.7550701303489732e-11
S2,357,1,0,0,True,2.0582062873831545e-12
S2,358,1,0,0,True,4.554265746842343e-13
S2,359,1,0,0,True,4.666765145589241e-13
S2,360,1,0,0,True,1.642318908191709e-12
S2,361,1,0,0,True,2.7679603429256065e-11
S2,362,1,0,0,True,3.819829631798261e-10
S2,363,1,0,0,True,5.344862495857321e-09
S2,364,1,0,0,True,2.0594325591719687e-09
S2,365,1,0,0,True,1.4147278664261314e-10
S2,366,1,0,0,True,6.782437909929601e-09
S2,367,1,0,0,True,2.668191391908804e-10
S2,368,1,0,0,True,2.2740179300870925e-11
S2,369,1,0,0,True,4.367686804882578e-10
S2,370,1,0,0,True,3.2199344892061994e-09
S2,371,1,0,0,True,2.3701877006466747e-09
S2,372,1,0,0,True,2.884878673326403e-10
S2,373,1,0,0,True,9.626762512719496e-11
S2,374,1,0,0,True,1.0516221429379354e-10
S2,375,1,0,0,True,5.196150327812186e-09
S2,376,1,0,0,True,6.527197568959857e-10
S2,377,1,0,0,True,4.3186397669364297e-10
S2,378,1,0,0,True,2.4885187959298213e-10
S2,379,1,0,0,True,2.6192561406749623e-11
S2,380,1,0,0,True,3.2572429157187383e-12
S2,381,1,0,0,True,3.960684939277813e-12
S2,382,1,0,0,True,1.339831385207315e-11
S2,383,1,0,0,True,2.4750786184515318e-12
S2,384,1,0,0,True,6.810480269900409e-11
S2,385,1,0,0,True,7.987460257991963e-11
S2,386,1,0,0,True,2.484362781631396e-10
S2,387,1,0,0,True,1.2823373866008657e-10
S2,388,1,0,0,True,3.415061030372116e-11
S2,389,1,0,0,True,8.059583523943323e-10
S2,390,1,0,0,True,7.706727614608564e-11
S2,391,1,0,0,True,4.8506304647853505e-11
S2,392,1,0,0,True,6.319289945008054e-11
S2,393,1,0,0,True,3.548170244738121e-11
S2,394,1,0,0,True,1.1461333313401588e-10
S2,395,1,0,0,True,8.207267200340219e-11
S2,396,1,0,0,True,2.5988130025318755e-12
S2,397,1,0,0,True,1.6264281073653797e-11
S2,398,1,0,0,True,5.210808582440102e-12
S2,399,1,0,0,True,1.1630455830737049e-11
S2,400,1,0,0,True,6.535424906889846e-11
S2,401,1,0,0,True,4.3869356244781067e-11
S2,402,1,0,0,True,2.3136438863025413e-10
S2,403,1,0,0,True,4.44033566114665e-11
S2,404,1,0,0,True,9.281032883015876e-11
S2,405,1,0,0,True,1.9767454558463924e-10
S2,406,1,0,0,True,1.079441935029611e-10
S2,407,1,0,0,True,4.922187446666511e-11
S2,408,1,0,0,True,1.2858644193402919e-10
S2,409,1,0,0,True,1.889463116567531e-11
S2,410,1,0,0,True,9.554171613178929e-12
S2,411,1,0,0,True,3.473811963656972e-13
S2,412,1,0,0,True,1.3310189024559633e-12
S2,413,1,0,0,True,1.8294527114065058e-11
S2,414,1,0,0,True,6.884842257277929e-12
S2,415,1,0,0,True,1.620803052168983e-11
S2,416,1,0,0,True,5.4886482871262475e-12
S2,417,1,0,0,True,9.677046962689446e-11
S2,418,1,0,0,True,3.732041048332774e-09
S2,419,1,0,0,True,5.435833102632684e-11
S2,420,1,0,0,True,8.266173238143593e-11
S2,421,1,0,0,True,1.0295219376167561e-10
S2,422,1,0,0,True,1.0773748396207249e-10
S2,423,1,0,0,True,1.5084540010766837e-10
S2,424,1,0,0,True,7.572365856733126e-11
S2,425,1,0,0,True,1.0472175575735602e-10
S2,426,1,0,0,True,9.673807677303473e-11
S2,427,1,0,0,True,1.2434952009765666e-10
S2,428,1,0,0,True,1.3335564935464837e-10
S2,429,1,0,0,True,7.364450583076342e-11
S2,430,1,0,0,True,7.267673630675115e-11
S2,431,1,0,0,True,1.6301941703283676e-10
S2,432,1,0,0,True,1.4544757235113064e-10
S2,433,1,0,0,True,1.1043378195377936e-10
S2,434,1,0,0,True,9.513040684767794e-11
S2,435,1,0,0,True,1.8548517797270306e-10
S2,436,1,0,0,True,1.990448965836768e-10
S2,437,1,0,0,True,3.219274752724088e-11
S2,438,1,0,0,True,6.761783943260702e-11
S2,439,1,0,0,True,2.9506914874460847e-11
S2,440,1,0,0,True,3.705889329230842e-10
S2,441,1,0,0,True,1.5620242208630769e-09
S2,442,1,0,0,True,7.741261536212147e-10
S2,443,1,0,0,True,2.4215038746933523e-10
S2,444,1,0,0,True,8.653330523804945e-10
S2,445,1,0,0,True,3.868236626192144e-10
S2,446,1,0,0,True,8.034448020623065e-10
S2,447,1,0,0,True,7.492985390660806e-10
S2,448,1,0,0,True,4.6041622187364284e-10
S2,449,1,0,0,True,4.116147526220007e-10
S2,450,1,0,0,True,2.3171184510431486e-10
S2,451,1,0,0,True,1.2480160473263805e-10
S2,452,1,0,0,True,5.70783449452206e-10
S2,453,1,0,0,True,5.889151738212092e-10
S2,454,1,0,0,True,1.8412647815051049e-10
S2,455,1,0,0,True,7.115752274121745e-10
S2,456,1,0,0,True,2.477199720073126e-10
S2,457,1,0,0,True,4.3090449459515883e-10
S2,458,1,0,0,True,5.540733160998486e-12
S2,459,1,0,0,True,3.33226157533245e-10
S2,460,1,0,0,True,2.9559572030175394e-10
S2,461,1,0,0,True,2.3194049788857763e-10
S2,462,1,0,0,True,1.0644759967782051e-09
S2,463,1,0,0,True,4.534452774028933e-10
S2,464,1,0,0,True,7.909633807145453e-10
S2,465,1,0,0,True,5.46715275697924e-10
S2,466,1,0,0,True,3.1771494786248497e-10
S2,467,1,0,0,True,5.482253481211745e-10
S2,468,1,0,0,True,7.442561232283226e-10
S2,469,1,0,0,True,6.250551195082124e-11
S2,470,1,0,0,True,1.5576202811536362e-10
S2,471,1,0,0,True,3.4740746378916456e-10
S2,472,1,0,0,True,5.24465308253939e-10
S2,473,1,0,0,True,4.564898003749244e-11
S2,474,1,0,0,True,2.495472920457646e-10
S2,475,1,0,0,True,7.764631505968892e-12
S2,476,1,0,0,True,2.2101795768124462e-11
S2,477,1,0,0,True,4.6443647585034075e-12
S2,478,1,0,0,True,3.104913533089824e-11
S2,479,1,0,0,True,1.1041354255451033e-10
S2,480,1,0,0,True,2.1750399832403066e-11
S2,481,1,0,0,True,2.6758806453653867e-09
S2,482,1,0,0,True,2.51027473489377e-09
S2,483,1,0,0,True,4.850806535735139e-10
S2,484,1,0,0,True,8.189113391377684e-10
S2,485,1,0,0,True,8.468565708387404e-10
S2,486,1,0,0,True,1.8621958786005114e-09
S2,487,1,0,0,True,1.2443933546321982e-10
S2,488,1,0,0,True,2.1490349846942202e-10
S2,489,1,0,0,True,6.231898125960326e-10
S2,490,1,0,0,True,1.508632547554114e-09
S2,491,1,0,0,True,2.149786266430688e-10
S2,492,1,0,0,True,3.2203904713016497e-10
S2,493,1,0,0,True,2.0437909769646065e-10
S2,494,1,0,0,True,1.4520891067100743e-10
S2,495,1,0,0,True,2.4220259502894944e-10
S2,496,1,0,0,True,1.7335127660406905e-10
S2,497,1,0,0,True,2.992886457060953e-10
S2,498,1,0,0,True,6.9950658067182e-10
S2,499,1,0,0,True,8.912775855490025e-11
S2,500,1,0,0,True,1.0586876483572446e-09
S2,501,1,0,0,True,1.5904176575783284e-09
S2,502,1,0,0,True,1.0591153167509555e-09
S2,503,1,0,0,True,2.3057289262989053e-09
S2,504,1,0,0,True,1.7874293411265806e-09
S2,505,1,0,0,True,1.7383557646100636e-09
S2,506,1,0,0,True,7.432526843380766e-10
S2,507,1,0,0,True,5.524311001243025e-10
S2,508,1,0,0,True,2.7462817627892726e-09
S2,509,1,0,0,True,9.098028885973411e-10
S2,510,1,0,0,True,5.736977604460205e-10
S2,511,1,0,0,True,3.7317838125172746e-10
S2,512,1,0,0,True,4.4602630046519895e-10
S2,513,1,0,0,True,1.250206402722182e-09
S2,514,1,0,0,True,3.933252412322306e-10
S2,515,1,0,0,True,7.898734014519344e-11
S2,516,1,0,0,True,5.966729904567793e-10
S2,517,1,0,0,True,1.984249379323381e-10
S2,518,1,0,0,True,6.632240967213743e-11
S2,519,1,0,0,True,1.9014755646594626e-10
S2,520,1,0,0,True,6.6046220653136344e-12
S2,521,1,0,0,True,5.3571851376397626e-12
S2,522,1,0,0,True,1.398811950549327e-10
S2,523,1,0,0,True,1.614940345296643e-11
S2,524,1,0,0,True,6.248874117025913e-13
S2,525,1,0,0,True,4.93054215370955e-10
S2,526,1,0,0,True,1.2228106372396167e-08
S2,527,1,0,0,True,7.052880910797305e-11
S2,528,1,0,0,True,1.1493844468636413e-11
S2,529,1,0,0,True,2.749392646783324e-11
S2,530,1,0,0,True,3.2883592674291344e-12
S2,531,1,0,0,True,3.467197046226323e-11
S2,532,1,0,0,True,1.2473524447972135e-11
S2,533,1,0,0,True,1.1889809277319257e-12
S2,534,1,0,0,True,9.920517923661435e-12
S2,535,1,0,0,True,1.7730934431633073e-11
S2,536,1,0,0,True,3.276606821564211e-11
S2,537,1,0,0,True,5.2888875057048186e-11
S2,538,1,0,0,True,9.166104131903339e-11
S2,539,1,0,0,True,3.5373725796087005e-11
S2,540,1,0,0,True,9.214759542657755e-11
S2,541,1,0,0,True,1.9768022373957332e-11
S2,542,1,0,0,True,4.0465293000860915e-11
S2,543,1,0,0,True,1.0804833607340499e-10
S2,544,1,0,0,True,1.681287119187446e-11
S2,545,1,0,0,True,2.7891895423939944e-11
S2,546,1,0,0,True,7.854146681186875e-11
S2,547,1,0,0,True,5.778289611645959e-11
S2,548,1,0,0,True,1.6912349164486255e-10
S2,549,1,0,0,True,6.469594516870775e-11
S2,550,1,0,0,True,1.1212034622385455e-10
S2,551,1,0,0,True,2.59947107328254e-11
S2,552,1,0,0,True,8.282752456918673e-11
S2,553,1,0,0,True,2.5023541571183504e-10
S2,554,1,0,0,True,3.157358194938763e-10
S2,555,1,0,0,True,3.5927286684980987e-10
S2,556,1,0,0,True,1.0263830092248773e-09
S2,557,1,0,0,True,1.7872580480861206e-10
S2,558,1,0,0,True,9.063573502348609e-10
S2,559,1,0,0,True,1.423702110485508e-09
S2,560,1,0,0,True,6.760318892216858e-10
S2,561,1,0,0,True,5.497666101675723e-10
S2,562,1,0,0,True,1.9142551586739607e-10
S2,563,1,0,0,True,3.811107164125162e-11
S2,564,1,0,0,True,7.949252168284544e-08
S2,565,1,0,0,True,2.898864987542548e-07
S2,566,1,0,0,True,3.5964310794534818e-09
S2,567,1,0,0,True,8.399664106505014e-10
S2,568,1,0,0,True,7.041626612611759e-09
S2,569,1,0,0,True,9.783338778324005e-10
S2,570,1,0,0,True,4.123253904455626e-10
S2,571,1,0,0,True,3.667868706232044e-07
S2,572,1,0,0,True,6.722188799765213e-07
S2,573,1,0,0,True,2.4966935776892604e-09
S2,574,1,0,0,True,4.844630382443187e-13
S2,575,1,0,0,True,1.4845787926769046e-09
S2,576,1,0,0,True,2.3956939320567234e-10
S2,577,1,0,0,True,6.0061649185846965e-12
S2,578,1,0,1,False,0.8830448841558471
S2,579,1,0,1,False,0.9999895655378455
S2,909,2,1,1,True,0.9999989910973852
S2,910,2,1,1,True,0.9999175071394594
S2,911,2,1,1,True,0.9999972454283501
S2,912,2,1,1,True,0.9999994613500619
S2,913,2,1,1,True,0.9999970711634064
S2,914,2,1,1,True,0.9957289443647771
S2,915,2,1,1,True,0.989971832873588
S2,916,2,1,1,True,0.9963366551214234
S2,917,2,1,1,True,0.9983499700460687
S2,918,2,1,1,True,0.999993025194371
S2,919,2,1,1,True,0.9999980599388751
S2,920,2,1,1,True,0.999998465154239
S2,921,2,1,1,True,0.9999173662734221
S2,922,2,1,1,True,0.9997924746160645
S2,923,2,1,1,True,0.9996480095690004
S2,924,2,1,1,True,0.9889371020588297
S2,925,2,1,1,True,0.9996811910982526
S2,926,2,1,1,True,0.9999689477101876
S2,927,2,1,1,True,0.9997255646844881
S2,928,2,1,1,True,0.9992880629817643
S2,929,2,1,1,True,0.9988332064461337
S2,930,2,1,1,True,0.9997601840034046
S2,931,2,1,1,True,0.9987257558029988
S2,932,2,1,1,True,0.9982328515470424
S2,933,2,1,1,True,0.9926391234286771
S2,934,2,1,1,True,0.9997987114599507
S2,935,2,1,1,True,0.9986076368192257
S2,936,2,1,1,True,0.9895891715601922
S2,937,2,1,1,True,0.9038318645668848
S2,938,2,1,0,False,0.47856128465546227
S2,939,2,1,1,True,0.9296486943439303
S2,940,2,1,1,True,0.9756090634778264
S2,941,2,1,1,True,0.9964803729234619
S2,942,2,1,1,True,0.996995005122783
S2,943,2,1,1,True,0.9995772788908253
S2,944,2,1,1,True,0.9975395184234513
S2,945,2,1,1,True,0.9850606010475674
S2,946,2,1,1,True,0.8825878137301064
S2,947,2,1,1,True,0.9996458738085341
S2,948,2,1,1,True,0.999027936054693
S2,949,2,1,1,True,0.9997031104050254
S2,950,2,1,1,True,0.9987017814889882
S2,951,2,1,1,True,0.9966731586560971
S2,952,2,1,1,True,0.9939598116585299
S2,953,2,1,1,True,0.9405096253854984
S2,954,2,1,1,True,0.963369282340139
S2,955,2,1,1,True,0.9546023209242772
S2,956,2,1,1,True,0.9767792731344067
S2,957,2,1,1,True,0.9962230518219317
S2,958,2,1,1,True,0.9378394010458952
S2,959,2,1,1,True,0.9970382616611662
S2,960,2,1,1,True,0.9979285622886407
S2,961,2,1,1,True,0.9883670333178204
S2,962,2,1,1,True,0.9852517210805591
S2,963,2,1,1,True,0.817423258768009
S2,964,2,1,1,True,0.8170380360735613
S2,965,2,1,1,True,0.9992765429973234
S2,966,2,1,1,True,0.9999394568999869
S2,967,2,1,1,True,0.9849823346206714
S2,968,2,1,1,True,0.9737341115354109
S2,969,2,1,1,True,0.9266532081719284
S2,970,2,1,1,True,0.9935835375109805
S2,971,2,1,1,True,0.9863258304043804
S2,972,2,1,1,True,0.9963287596678037
S2,973,2,1,1,True,0.995279832174885
S2,974,2,1,1,True,0.9646331232706239
S2,975,2,1,1,True,0.9842773885823589
S2,976,2,1,1,True,0.9732390586493989
S2,977,2,1,1,True,0.9437052381926675
S2,978,2,1,1,True,0.966831690796556
S2,979,2,1,1,True,0.7175152087319727
S2,980,2,1,1,True,0.7607043943208188
S2,981,2,1,1,True,0.9676421006668342
S2,982,2,1,1,True,0.9981915747663215
S2,983,2,1,1,True,0.9618906598600905
S2,984,2,1,1,True,0.9793910080393193
S2,985,2,1,1,True,0.990253146545183
S2,986,2,1,1,True,0.9898244044933561
S2,987,2,1,1,True,0.9981616669408409
S2,988,2,1,1,True,0.9993024692951673
S2,989,2,1,1,True,0.9919780204539907
S2,990,2,1,1,True,0.9998606427368555
S2,991,2,1,1,True,0.9993036096974846
S2,992,2,1,1,True,0.9648282972788664
S2,993,2,1,1,True,0.9346864371693998
S2,994,2,1,1,True,0.9371230337961417
S2,995,2,1,1,True,0.989960780170024
S2,996,2,1,1,True,0.9981156153677353
S2,997,2,1,1,True,0.9998703706359612
S2,998,2,1,1,True,0.9998465609673512
S2,999,2,1,1,True,0.8641192645295718
S2,1000,2,1,1,True,0.9993089641292181
S2,1001,2,1,1,True,0.9988744683129864
S2,1002,2,1,1,True,0.9641983403948221
S2,1003,2,1,1,True,0.9923624352960675
S2,1004,2,1,1,True,0.99271652536527
S2,1005,2,1,1,True,0.9856523682637411
S2,1006,2,1,1,True,0.8721801020681931
S2,1007,2,1,1,True,0.9960083253286942
S2,1008,2,1,1,True,0.9979701236860498
S2,1009,2,1,1,True,0.9964424862412632
S2,1010,2,1,1,True,0.9872247802929293
S2,1011,2,1,1,True,0.999293696089911
S2,1012,2,1,1,True,0.9997038664553023
S2,1013,2,1,1,True,0.9994345141022714
S2,1014,2,1,1,True,0.9999816682591643
S2,1015,2,1,1,True,0.999987021249354
S2,1016,2,1,1,True,0.9676139689255744
S2,1017,2,1,1,True,0.9623462649512043
S2,1018,2,1,0,False,0.4259245882722594
S2,1019,2,1,1,True,0.9919356256140074
S2,1020,2,1,1,True,0.9995619393415242
S2,1021,2,1,1,True,0.9999826099027818
S2,1022,2,1,1,True,0.9987702726831079
S2,1023,2,1,1,True,0.9883669323020734
S2,1024,2,1,1,True,0.9918190233798674
S2,1025,2,1,1,True,0.9707616250310055
S2,1026,2,1,1,True,0.9859788007969271
S2,1027,2,1,1,True,0.9982837527017144
S2,1028,2,1,1,True,0.996802678309524
S2,1029,2,1,1,True,0.9850930759650603
S2,1030,2,1,1,True,0.9937760747186775
S2,1031,2,1,1,True,0.9892142860911242
S2,1032,2,1,1,True,0.9972472599007851
S2,1033,2,1,1,True,0.9989887513804575
S2,1034,2,1,1,True,0.9968324701317641
S2,1035,2,1,1,True,0.9257982023047852
S2,1036,2,1,1,True,0.9853929400968925
S2,1037,2,1,1,True,0.9905974545269625
S2,1038,2,1,1,True,0.9977280295151328
S2,1039,2,1,1,True,0.9909281141333339
S2,1040,2,1,1,True,0.971103917102257
S2,1041,2,1,1,True,0.9933517126084876
S2,1042,2,1,1,True,0.9921659135429948
S2,1043,2,1,1,True,0.9720356616330286
S2,1044,2,1,1,True,0.9769361102397458
S2,1045,2,1,1,True,0.9654355125409545
S2,1046,2,1,1,True,0.9974345789399621
S2,1047,2,1,1,True,0.9994043096193514
S2,1048,2,1,1,True,0.9997258258401689
S2,1049,2,1,1,True,0.9984879680196281
S2,1050,2,1,1,True,0.9989120759579038
S2,1051,2,1,1,True,0.9983727829851197
S2,1052,2,1,1,True,0.9989067325459042
S2,1053,2,1,1,True,0.9847224484885542
S2,1054,2,1,1,True,0.9973467731965848
S2,1055,2,1,1,True,0.9986347722459912
S2,1056,2,1,1,True,0.99625208080113
S2,1057,2,1,1,True,0.9995079822755945
S2,1058,2,1,1,True,0.9996535254680761
S2,1059,2,1,1,True,0.9980260861902345
S2,1060,2,1,1,True,0.997450329065844
S2,1061,2,1,1,True,0.999888702449259
S2,1062,2,1,1,True,0.9988019969696043
S2,1063,2,1,1,True,0.9940763127805191
S2,1064,2,1,1,True,0.9991488337541864
S2,1065,2,1,1,True,0.9999368372720204
S2,1066,2,1,1,True,0.9998212234396553
S2,1067,2,1,1,True,0.9997349249535603
S2,1068,2,1,1,True,0.9876949344558701
S2,1069,2,1,1,True,0.9994176840031905
S2,1070,2,1,1,True,0.9996097165636026
S2,1071,2,1,1,True,0.9990909797714215
S2,1072,2,1,1,True,0.9714805035643139
S2,1073,2,1,1,True,0.9722673977125763
S2,1074,2,1,1,True,0.9902289909130874
S2,1075,2,1,1,True,0.9999103439550914
S2,1076,2,1,1,True,0.9971157864241887
S2,1077,2,1,1,True,0.9569365018254117
S2,1078,2,1,1,True,0.9812305372336848
S2,1079,2,1,1,True,0.9921503701012582
S2,1080,2,1,1,True,0.993463613630328
S2,1081,2,1,1,True,0.995846100247635
S2,1082,2,1,1,True,0.9977253725586704
S2,1083,2,1,1,True,0.9993865776181753
S2,1084,2,1,1,True,0.999720565928567
S2,1085,2,1,1,True,0.9982693114745337
S2,1086,2,1,1,True,0.9928568297984774
S2,1087,2,1,1,True,0.9985606475693655
S2,1088,2,1,1,True,0.9977668472525838
S2,1089,2,1,1,True,0.9971034720684266
S2,1090,2,1,1,True,0.9983283896958545
S2,1091,2,1,1,True,0.9595071819164671
S2,1092,2,1,1,True,0.9842019625976893
S2,1093,2,1,1,True,0.9964219083989962
S2,1094,2,1,1,True,0.9878987551325963
S2,1095,2,1,1,True,0.9982554572907818
S2,1096,2,1,1,True,0.9986788202437039
S2,1097,2,1,1,True,0.9938385397260623
S2,1098,2,1,1,True,0.9582567643227237
S2,1099,2,1,1,True,0.9619709020975921
S2,1100,2,1,1,True,0.988262580616858
S2,1101,2,1,1,True,0.9833430045730642
S2,1102,2,1,1,True,0.9921364784741534
S2,1103,2,1,1,True,0.9512388313757698
S2,1104,2,1,1,True,0.9843314217508319
S2,1105,2,1,1,True,0.9801735228056485
S2,1106,2,1,1,True,0.9817720659532824
S2,1107,2,1,1,True,0.9988552920144703
S2,1108,2,1,1,True,0.9987082353101161
S2,1109,2,1,1,True,0.9988270804046803
S2,1110,2,1,1,True,0.9989786182124327
S2,1111,2,1,1,True,0.9982529593562396
S2,1112,2,1,1,True,0.9916618543308092
S2,1113,2,1,1,True,0.9987601850719761
S2,1114,2,1,1,True,0.9996741750056071
S2,1115,2,1,1,True,0.9966157960139023
S2,1116,2,1,1,True,0.9994395374464189
S2,1117,2,1,1,True,0.9988252186126679
S2,1118,2,1,1,True,0.9976141012879072
S2,1119,2,1,1,True,0.9980435270719109
S2,1120,2,1,1,True,0.9928935404610263
S2,1121,2,1,1,True,0.995840236565683
S2,1122,2,1,1,True,0.9977714098624967
S2,1123,2,1,1,True,0.9943833158074251
S2,1124,2,1,1,True,0.9934393890760602
S2,1125,2,1,1,True,0.9987343497974103
S2,1126,2,1,1,True,0.9998012236578202
S2,1127,2,1,1,True,0.9998050962896953
S2,1128,2,1,1,True,0.9999332824331373
S2,1129,2,1,1,True,0.9999515319772608
S2,1130,2,1,1,True,0.9981360701095215
S2,1131,2,1,1,True,0.9993042305184264
S2,1132,2,1,1,True,0.9993939655640006
S2,1133,2,1,1,True,0.9946633302130069
S2,1134,2,1,1,True,0.9986376205082486
S2,1135,2,1,1,True,0.9987801136911792
S2,1136,2,1,1,True,0.9989614191804767
S2,1137,2,1,1,True,0.997994439332701
S2,1138,2,1,1,True,0.9992833272708668
S2,1139,2,1,1,True,0.9998887716204355
S2,1140,2,1,1,True,0.9937957724245104
S2,1141,2,1,1,True,0.9996352873856629
S2,1142,2,1,1,True,0.9931565321496462
S2,1143,2,1,1,True,0.9889323016204643
S2,1144,2,1,1,True,0.9879270929135593
S2,1145,2,1,1,True,0.998375821691869
S2,1146,2,1,1,True,0.9949442419123314
S2,1147,2,1,1,True,0.9898852721321485
S2,1148,2,1,1,True,0.9956849550346297
S2,1149,2,1,1,True,0.9992025695029659
S2,1150,2,1,1,True,0.9984185950790375
S2,1151,2,1,1,True,0.9990697699778917
S2,1152,2,1,1,True,0.999655101589726
S2,1153,2,1,1,True,0.9997123486872995
S2,1154,2,1,1,True,0.9993012470548777
S2,1905,3,0,0,True,4.948345009321464e-12
S2,1906,3,0,0,True,1.05167176367366e-11
S2,1907,3,0,0,True,3.180186656175467e-11
S2,1908,3,0,0,True,4.776906839946235e-11
S2,1909,3,0,0,True,2.294762086737397e-12
S2,1910,3,0,0,True,5.45723230476878e-13
S2,1911,3,0,0,True,1.4374291973848027e-13
S2,1912,3,0,0,True,5.023670214053633e-12
S2,1913,3,0,0,True,9.49818075969933e-13
S2,1914,3,0,0,True,2.1769710144342526e-13
S2,1915,3,0,0,True,2.7721914632966666e-13
S2,1916,3,0,0,True,5.459422330619581e-14
S2,1917,3,0,0,True,6.465846771748381e-13
S2,1918,3,0,0,True,5.692891624292379e-13
S2,1919,3,0,0,True,9.978365868890073e-14
S2,1920,3,0,0,True,2.675373140877036e-13
S2,1921,3,0,0,True,9.796325270154722e-13
S2,1922,3,0,0,True,5.0937565433910706e-11
S2,1923,3,0,0,True,1.4244624515411301e-12
S2,1924,3,0,0,True,7.595245740235665e-13
S2,1925,3,0,0,True,1.6599404477508937e-13
S2,1926,3,0,0,True,1.7487625996086173e-15
S2,1927,3,0,0,True,1.357275353289765e-13
S2,1928,3,0,0,True,2.56594032408798e-13
S2,1929,3,0,0,True,3.218903571614613e-14
S2,1930,3,0,0,True,9.830016298389285e-16
S2,1931,3,0,0,True,2.3517550197851825e-16
S2,1932,3,0,0,True,7.2182310005483855e-16
S2,1933,3,0,0,True,2.062709207187995e-14
S2,1934,3,0,0,True,1.7972297122319585e-13
S2,1935,3,0,0,True,2.360662255800897e-13
S2,1936,3,0,0,True,1.8359198117691847e-12
S2,1937,3,0,0,True,4.6476349546880175e-12
S2,1938,3,0,0,True,7.341059196843684e-12
S2,1939,3,0,0,True,5.4570125906672975e-12
S2,1940,3,0,0,True,3.0293959652529813e-13
S2,1941,3,0,0,True,1.6913866037295136e-11
S2,1942,3,0,0,True,4.144948959628926e-11
S2,1943,3,0,0,True,2.9574314714179908e-12
S2,1944,3,0,0,True,2.4536104485591317e-10
S2,1945,3,0,0,True,2.1102236372143513e-09
S2,1946,3,0,0,True,5.2625337742995275e-11
S2,1947,3,0,0,True,1.2991564915011593e-12
S2,1948,3,0,0,True,1.2685153449557463e-12
S2,1949,3,0,0,True,1.3226471823043647e-12
S2,1950,3,0,0,True,8.883509945090083e-12
S2,1951,3,0,0,True,1.1140588985828217e-11
S2,1952,3,0,0,True,5.5786122691745703e-11
S2,1953,3,0,0,True,7.532233070131642e-11
S2,1954,3,0,0,True,2.94660477543579e-11
S2,1955,3,0,0,True,2.8020565381469455e-11
S2,1956,3,0,0,True,1.745486901812716e-11
S2,1957,3,0,0,True,5.919312039169246e-12
S2,1958,3,0,0,True,4.024106689527318e-12
S2,1959,3,0,0,True,5.420175646794443e-12
S2,1960,3,0,0,True,8.736489894818823e-13
S2,1961,3,0,0,True,4.405948028687305e-13
S2,1962,3,0,0,True,1.7707053741479438e-12
S2,1963,3,0,0,True,7.259656286490008e-12
S2,1964,3,0,0,True,1.9647056640403838e-13
S2,1965,3,0,0,True,2.1535994802652722e-13
S2,1966,3,0,0,True,2.2493373078803686e-13
S2,1967,3,0,0,True,6.17180070138586e-14
S2,1968,3,0,0,True,2.8939877657311228e-12
S2,1969,3,0,0,True,6.996393028048653e-11
S2,1970,3,0,0,True,4.918720754635213e-12
S2,1971,3,0,0,True,7.615170334194932e-13
S2,1972,3,0,0,True,7.34430988446233e-13
S2,1973,3,0,0,True,1.1331199917936198e-12
S2,1974,3,0,0,True,1.2973723649738475e-12
S2,1975,3,0,0,True,2.0288951883794344e-12
S2,1976,3,0,0,True,6.7254014096089375e-12
S2,1977,3,0,0,True,4.7692154695991184e-12
S2,1978,3,0,0,True,2.5779190463002205e-12
S2,1979,3,0,0,True,4.9994982307819844e-12
S2,1980,3,0,0,True,1.5638662647748246e-12
S2,1981,3,0,0,True,9.930223727087769e-14
S2,1982,3,0,0,True,1.2528240381204398e-12
S2,1983,3,0,0,True,5.888211226745966e-12
S2,1984,3,0,0,True,2.5528455395498083e-12
S2,1985,3,0,0,True,2.5504935489343626e-13
S2,1986,3,0,0,True,4.261924154307106e-13
S2,1987,3,0,0,True,1.0403872493273842e-12
S2,1988,3,0,0,True,7.922952256223705e-13
S2,1989,3,0,0,True,9.765337687550802e-13
S2,1990,3,0,0,True,1.8271641967009792e-12
S2,1991,3,0,0,True,1.553358400883917e-12
S2,1992,3,0,0,True,3.311066762678153e-13
S2,1993,3,0,0,True,5.107915339526563e-12
S2,1994,3,0,0,True,7.464445967111087e-13
S2,1995,3,0,0,True,4.577917149466191e-13
S2,1996,3,0,0,True,5.993314475830354e-13
S2,1997,3,0,0,True,4.543717025008859e-15
S2,1998,3,0,0,True,1.0814591507762069e-12
S2,1999,3,0,0,True,2.1312152209334456e-13
S2,2000,3,0,0,True,3.9412573323978545e-13
S2,2001,3,0,0,True,1.6114095338027137e-12
S2,2002,3,0,0,True,6.308384912206384e-12
S2,2003,3,0,0,True,2.0584918395478212e-12
S2,2004,3,0,0,True,9.621653281600255e-13
S2,2005,3,0,0,True,4.623389702990668e-13
S2,2006,3,0,0,True,2.1980845629826573e-13
S2,2007,3,0,0,True,1.177995879588431e-06
S2,2008,3,0,0,True,0.4539836793425495
S2,2009,3,0,0,True,0.15917484348911448
S2,2010,3,0,0,True,0.00042001055507639404
S2,2011,3,0,0,True,0.0005884899181788503
S2,2012,3,0,0,True,0.0007151257525875981
S2,2013,3,0,0,True,0.0006792477446430712
S2,2014,3,0,0,True,0.0002658171979272669
S2,2015,3,0,0,True,0.0025926973172476775
S2,2016,3,0,0,True,0.00035850524922597884
S2,2017,3,0,0,True,0.001457059170018604
S2,2018,3,0,0,True,0.0013194211333177408
S2,2019,3,0,0,True,0.0010855810800719397
S2,2020,3,0,0,True,0.0007158371214741626
S2,2021,3,0,0,True,0.00019574147245645624
S2,2022,3,0,0,True,0.00040401513510664134
S2,2023,3,0,0,True,0.00047835762893217495
S2,2024,3,0,0,True,8.498093952367884e-05
S2,2025,3,0,0,True,3.809150087238942e-05
S2,2026,3,0,0,True,0.007824361393630878
S2,2027,3,0,0,True,0.000622851379266493
S2,2028,3,0,0,True,0.005334302149457496
S2,2029,3,0,0,True,0.010796153961260931
S2,2030,3,0,0,True,0.03312503940573367
S2,2031,3,0,0,True,0.012770619736561298
S2,2032,3,0,0,True,0.005044730392994251
S2,2033,3,0,0,True,0.0006114806786385733
S2,2034,3,0,0,True,0.00042917287031842265
S2,2035,3,0,0,True,0.0004486164446186187
S2,2036,3,0,0,True,0.00013299134578679777
S2,2037,3,0,0,True,0.009083013058585727
S2,2038,3,0,0,True,0.01472163590377423
S2,2039,3,0,0,True,0.0009811728036721984
S2,2040,3,0,0,True,0.0019419286759020686
S2,2041,3,0,0,True,0.00028632752599109124
S2,2042,3,0,0,True,0.0010962021105471616
S2,2043,3,0,0,True,0.001287229720542334
S2,2044,3,0,0,True,0.002410361225213681
S2,2045,3,0,0,True,0.00169181123170341
S2,2046,3,0,0,True,0.0007552262606241195
S2,2047,3,0,0,True,0.0010563288038029175
S2,2048,3,0,0,True,0.001592820506077632
S2,2049,3,0,0,True,0.0022967838382087296
S3,141,1,0,1,False,0.9999993228079104
S3,142,1,0,1,False,0.9999814790505371
S3,143,1,0,1,False,0.999999982534303
S3,144,1,0,1,False,0.9999838630706156
S3,145,1,0,1,False,0.9998347485317959
S3,146,1,0,1,False,0.9989806733921337
S3,147,1,0,1,False,0.9999856519287172
S3,148,1,0,1,False,0.9999999586120737
S3,149,1,0,1,False,0.9998445175831377
S3,150,1,0,0,True,0.0655940918680397
S3,151,1,0,0,True,0.3681714412402794
S3,152,1,0,0,True,0.13269693902483737
S3,153,1,0,0,True,0.46169558743352046
S3,154,1,0,0,True,0.3576878345212993
S3,155,1,0,0,True,0.17875199709872366
S3,156,1,0,0,True,0.11714727600369292
S3,157,1,0,0,True,0.07115840122668492
S3,158,1,0,0,True,0.1832494213273885
S3,159,1,0,0,True,0.14359178366537065
S3,160,1,0,0,True,0.2582629274366081
S3,161,1,0,0,True,0.32514762467200875
S3,162,1,0,0,True,0.040393025703519526
S3,163,1,0,0,True,0.04184970102980253
S3,164,1,0,0,True,0.1360796189170578
S3,165,1,0,0,True,0.13844603484233206
S3,166,1,0,0,True,0.004441867482801245
S3,167,1,0,0,True,0.03155062125200407
S3,168,1,0,0,True,0.03751729374374317
S3,169,1,0,0,True,0.311379091978086
S3,170,1,0,1,False,0.6896016155152471
S3,171,1,0,0,True,0.2932273450915212
S3,172,1,0,0,True,0.18983647550734023
S3,173,1,0,1,False,0.8400271141825247
S3,174,1,0,1,False,0.9874471399005061
S3,175,1,0,1,False,0.9999970807174016
S3,176,1,0,1,False,0.9999999927155903
S3,177,1,0,1,False,0.9999998785223804
S3,178,1,0,1,False,0.822126237111392
S3,179,1,0,0,True,0.009677346332757119
S3,180,1,0,0,True,0.0006063178774398383
S3,181,1,0,0,True,0.46761520040972016
S3,182,1,0,0,True,0.3227229125546131
S3,183,1,0,1,False,0.711109152313487
S3,184,1,0,1,False,0.986113795158754
S3,185,1,0,1,False,0.9955599116720575
S3,186,1,0,1,False,0.9589861294786551
S3,187,1,0,0,True,0.23701007160068024
S3,188,1,0,1,False,0.6373022386056384
S3,189,1,0,1,False,0.9801824285483053
S3,190,1,0,0,True,0.10152402200141258
S3,191,1,0,0,True,0.003854388779089271
S3,192,1,0,0,True,0.02574719474838949
S3,193,1,0,0,True,0.047772693705544815
S3,194,1,0,0,True,0.048056349825226136
S3,195,1,0,0,True,0.03186575370954805
S3,196,1,0,0,True,0.08988465378919541
S3,197,1,0,0,True,0.006651691048431431
S3,198,1,0,0,True,0.0036345776854779135
S3,199,1,0,0,True,0.0006578719551659364
S3,200,1,0,0,True,0.0007491186325495866
S3,201,1,0,0,True,0.001101466823566936
S3,202,1,0,0,True,0.00028203460303137474
S3,203,1,0,0,True,0.279816388785471
S3,204,1,0,1,False,0.998215540576326
S3,205,1,0,1,False,0.9998305550909978
S3,206,1,0,1,False,0.9960177634616615
S3,207,1,0,1,False,0.9833284692399353
S3,208,1,0,1,False,0.9821110693476239
S3,209,1,0,1,False,0.9636415058311838
S3,210,1,0,1,False,0.958382776453811
S3,211,1,0,1,False,0.992415241074654
S3,212,1,0,1,False,0.9903418872651122
S3,213,1,0,1,False,0.9828188489684213
S3,214,1,0,1,False,0.98813187575298
S3,215,1,0,1,False,0.989417259965436
S3,216,1,0,1,False,0.9847345995540322
S3,217,1,0,1,False,0.98465845508524
S3,218,1,0,1,False,0.9922485596574732
S3,219,1,0,1,False,0.9872987980032291
S3,220,1,0,1,False,0.9818687123985685
S3,221,1,0,1,False,0.9917378281181176
S3,222,1,0,1,False,0.7586068103366737
S3,223,1,0,0,True,0.003508342985980275
S3,224,1,0,0,True,0.00019559327691226643
S3,225,1,0,0,True,7.968105727981286e-05
S3,226,1,0,0,True,1.9332634346699695e-06
S3,227,1,0,0,True,3.3931644804507247e-06
S3,228,1,0,0,True,4.2644994987047906e-05
S3,229,1,0,0,True,4.023906068327533e-05
S3,230,1,0,0,True,9.405252728993816e-07
S3,231,1,0,0,True,6.852371457191795e-05
S3,232,1,0,0,True,7.936562892822071e-05
S3,233,1,0,0,True,0.0005101695101377378
S3,234,1,0,0,True,0.0001372270938703342
S3,235,1,0,0,True,1.8145612452247148e-05
S3,236,1,0,0,True,3.3941755863235344e-05
S3,237,1,0,0,True,5.854207695045391e-05
S3,238,1,0,0,True,1.1121805412821085e-05
S3,239,1,0,0,True,9.738472219864844e-07
S3,240,1,0,0,True,1.5179138398487083e-07
S3,241,1,0,0,True,3.376619403364951e-06
S3,242,1,0,0,True,2.9231885186144355e-06
S3,243,1,0,0,True,6.349115029096232e-06
S3,244,1,0,0,True,0.00011657448678391462
S3,245,1,0,1,False,0.967260644778073
S3,246,1,0,1,False,0.999940393015252
S3,247,1,0,1,False,0.9999611579878477
S3,248,1,0,1,False,0.9998790475310148
S3,249,1,0,1,False,0.9995588004142936
S3,250,1,0,1,False,0.9999187192568331
S3,251,1,0,1,False,0.9999147463490943
S3,252,1,0,1,False,0.9993847185944761
S3,253,1,0,1,False,0.9999186900908031
S3,254,1,0,1,False,0.9999811521637363
S3,255,1,0,1,False,0.9998800200305341
S3,256,1,0,1,False,0.9999735834771266
S3,257,1,0,1,False,0.9999846496183121
S3,258,1,0,1,False,0.8732489185286181
S3,259,1,0,1,False,0.5118963044182431
S3,260,1,0,0,True,0.006179686842702083
S3,261,1,0,0,True,2.4342633892728514e-09
S3,262,1,0,0,True,0.002399887590241532
S3,263,1,0,0,True,0.0008428666361245275
S3,264,1,0,0,True,0.00016678114591622798
S3,265,1,0,0,True,6.767528967719529e-06
S3,266,1,0,0,True,2.0382815103814584e-06
S3,267,1,0,0,True,9.910570937478473e-08
S3,268,1,0,0,True,3.5927006985490056e-07
S3,269,1,0,0,True,3.91725289097593e-07
S3,270,1,0,0,True,3.003248328795901e-07
S3,271,1,0,0,True,2.871927048811582e-07
S3,272,1,0,0,True,5.5915158618736596e-08
S3,273,1,0,0,True,1.9197031809230813e-08
S3,274,1,0,0,True,1.035419459396573e-06
S3,275,1,0,0,True,1.2618168090426186e-05
S3,276,1,0,0,True,0.01558424695493689
S3,277,1,0,1,False,0.9807651914460851
S3,278,1,0,1,False,0.885120100079192
S3,279,1,0,1,False,0.6021685556326185
S3,280,1,0,1,False,0.5904823903617321
S3,281,1,0,1,False,0.9770414813050767
S3,282,1,0,1,False,0.9946377448862348
S3,283,1,0,1,False,0.884132185997721
S3,284,1,0,1,False,0.9632542610206165
S3,285,1,0,0,True,0.3619870675526932
S3,286,1,0,1,False,0.9611893795076818
S3,287,1,0,1,False,0.9377470698610757
S3,288,1,0,1,False,0.8866614411823416
S3,289,1,0,1,False,0.9667572706964331
S3,290,1,0,1,False,0.9500336505681157
S3,291,1,0,1,False,0.9892557434152578
S3,292,1,0,1,False,0.9532889342772674
S3,293,1,0,0,True,0.2494956172449853
S3,294,1,0,0,True,0.1197685441542681
S3,295,1,0,0,True,0.08858992595210247
S3,296,1,0,0,True,0.030860710180312004
S3,297,1,0,0,True,0.007912260198450965
S3,298,1,0,0,True,0.01690000701662838
S3,299,1,0,0,True,0.0022258722380718303
S3,300,1,0,0,True,0.000731818650718693
S3,301,1,0,0,True,0.010870602227572768
S3,302,1,0,0,True,0.05596001513060817
S3,303,1,0,0,True,0.03352350260627424
S3,304,1,0,0,True,0.028531972732120024
S3,305,1,0,0,True,0.19326092506772466
S3,306,1,0,0,True,0.05482047621419879
S3,307,1,0,0,True,0.05690034207918643
S3,308,1,0,0,True,0.10617576293702435
S3,309,1,0,0,True,0.04525423833192252
S3,310,1,0,0,True,0.03434322631937329
S3,311,1,0,0,True,0.050700702993480576
S3,312,1,0,0,True,0.08543002208210752
S3,313,1,0,0,True,0.05624802716797965
S3,314,1,0,0,True,0.09104423911774852
S3,315,1,0,0,True,0.04529705782123582
S3,316,1,0,0,True,2.863543285375742e-05
S3,317,1,0,0,True,4.192038566468733e-07
S3,318,1,0,0,True,1.2689249351579501e-08
S3,319,1,0,0,True,4.739651408799418e-06
S3,320,1,0,0,True,7.204271815012685e-05
S3,321,1,0,0,True,5.3375883160926365e-05
S3,322,1,0,0,True,3.151111901837639e-05
S3,323,1,0,0,True,0.0012644859749080485
S3,324,1,0,0,True,0.005756567128605961
S3,325,1,0,0,True,0.0011997244920392296
S3,326,1,0,0,True,4.0981423388251525e-07
S3,327,1,0,0,True,7.639360565205319e-07
S3,328,1,0,0,True,8.032158413974169e-07
S3,329,1,0,0,True,2.892672894157089e-07
S3,330,1,0,0,True,3.4582959040671354e-06
S3,331,1,0,0,True,1.4552234582600997e-06
S3,332,1,0,0,True,7.610111602909233e-07
S3,333,1,0,0,True,5.258086726693035e-07
S3,334,1,0,0,True,2.2256468488539086e-07
S3,335,1,0,0,True,8.947773728292833e-07
S3,336,1,0,0,True,1.1386445085000672e-05
S3,337,1,0,0,True,4.5625944076320874e-05
S3,338,1,0,0,True,0.22822015277439414
S3,339,1,0,0,True,0.19392367971321642
S3,340,1,0,0,True,9.042397400055874e-05
S3,341,1,0,0,True,5.554765844136402e-06
S3,342,1,0,0,True,8.441540909441616e-06
S3,343,1,0,0,True,1.4623581491077111e-06
S3,344,1,0,0,True,1.419267662113594e-06
S3,345,1,0,0,True,6.298574476041451e-07
S3,346,1,0,0,True,4.861716897268525e-07
S3,347,1,0,0,True,3.957128814665614e-08
S3,348,1,0,0,True,2.0027746390523716e-09
S3,349,1,0,0,True,1.333365018104909e-10
S3,350,1,0,0,True,2.8318311707748486e-10
S3,351,1,0,0,True,2.30188229051665e-09
S3,352,1,0,0,True,6.068165893781902e-10
S3,353,1,0,0,True,4.30470412807151e-10
S3,354,1,0,0,True,2.7345007318650206e-05
S3,355,1,0,0,True,0.005390638801644947
S3,356,1,0,0,True,0.0036096095468958296
S3,357,1,0,0,True,0.00036635639979520625
S3,358,1,0,0,True,0.0004022443343193839
S3,359,1,0,0,True,0.00018125973522456934
S3,360,1,0,0,True,0.00038748930416417435
S3,361,1,0,0,True,0.00032261858369798897
S3,362,1,0,0,True,0.0010306558527076511
S3,363,1,0,0,True,0.0014530688043837673
S3,364,1,0,0,True,0.0013697286340771642
S3,365,1,0,0,True,0.0017400300407245507
S3,366,1,0,0,True,2.6636160048511825e-05
S3,367,1,0,0,True,0.0005645379974583523
S3,368,1,0,0,True,0.1291831778304189
S3,369,1,0,0,True,0.05903819969950227
S3,370,1,0,0,True,0.0019309710702795071
S3,371,1,0,0,True,0.0008048400053134863
S3,372,1,0,0,True,1.6999986979385337e-05
S3,373,1,0,0,True,0.0014204890571870154
S3,374,1,0,0,True,0.2781690666660762
S3,375,1,0,0,True,0.0028705360233837645
S3,376,1,0,0,True,8.289090378159381e-05
S3,377,1,0,0,True,2.921804819956515e-05
S3,378,1,0,0,True,3.948967090546001e-07
S3,379,1,0,0,True,0.00025533387024798213
S3,380,1,0,0,True,0.35039615083293724
S3,381,1,0,1,False,0.9995738689215141
S3,382,1,0,1,False,0.9999851067604861
S3,383,1,0,1,False,0.9999723510231108
S3,384,1,0,0,True,0.25889308428856683
S3,385,1,0,1,False,0.998213812294279
S3,386,1,0,1,False,0.9991231069794341
S3,387,1,0,0,True,2.5502130277786813e-05
S3,388,1,0,1,False,0.6879421657092286
S3,389,1,0,0,True,2.4471597102239546e-05
S3,390,1,0,0,True,7.732158050825805e-05
S3,391,1,0,0,True,2.8249372157117355e-05
S3,392,1,0,0,True,0.00017102297445328722
S3,393,1,0,0,True,7.53567318622294e-05
S3,394,1,0,0,True,9.874830329976873e-06
S3,395,1,0,0,True,6.616725063023754e-05
S3,396,1,0,0,True,4.7356067921698294e-05
S3,397,1,0,0,True,0.00030178701152264024
S3,398,1,0,0,True,7.246703748688328e-05
S3,399,1,0,0,True,1.7162470272212217e-05
S3,400,1,0,0,True,7.175375151222691e-05
S3,401,1,0,0,True,1.9581053991645473e-06
S3,402,1,0,0,True,7.598116066823707e-05
S3,403,1,0,0,True,0.00012397866053327094
S3,404,1,0,0,True,0.00010210630847795402
S3,405,1,0,0,True,6.064689140896027e-06
S3,406,1,0,0,True,8.401721383046296e-05
S3,407,1,0,0,True,1.9194722283273264e-05
S3,408,1,0,0,True,2.4448146071504875e-05
S3,409,1,0,0,True,4.739096183508489e-05
S3,410,1,0,0,True,0.00015692943368932747
S3,411,1,0,0,True,9.617999340142964e-06
S3,412,1,0,0,True,0.0001718026128332417
S3,413,1,0,0,True,0.0006443969328063068
S3,414,1,0,0,True,2.7734739941515865e-05
S3,415,1,0,0,True,4.430092352925746e-05
S3,416,1,0,0,True,0.0002508987099365931
S3,417,1,0,0,True,7.471841056040953e-05
S3,418,1,0,0,True,8.56029388740275e-05
S3,419,1,0,0,True,6.577094578671558e-05
S3,420,1,0,0,True,1.8678365695320454e-05
S3,421,1,0,0,True,5.292183689163934e-05
S3,422,1,0,0,True,5.176261411280798e-05
S3,423,1,0,0,True,5.263436298436546e-05
S3,424,1,0,0,True,1.621167108516502e-05
S3,425,1,0,0,True,0.00016869943533951844
S3,426,1,0,0,True,4.0743861104968546e-05
S3,427,1,0,0,True,3.0273348707124224e-05
S3,428,1,0,0,True,5.802337384966728e-05
S3,429,1,0,0,True,0.00032525581116795576
S3,430,1,0,0,True,5.940240872637057e-06
S3,431,1,0,0,True,1.4276185248949548e-07
S3,432,1,0,0,True,8.716230621473123e-09
S3,433,1,0,0,True,5.905342089912757e-09
S3,434,1,0,0,True,6.562729871633234e-11
S3,435,1,0,0,True,8.282057134706106e-10
S3,436,1,0,0,True,1.6088290424067918e-09
S3,437,1,0,0,True,1.9834880008689131e-10
S3,438,1,0,0,True,1.8934373961099644e-09
S3,439,1,0,0,True,1.499348703957762e-09
S3,440,1,0,0,True,4.386858786353312e-09
S3,441,1,0,0,True,3.2743497501010164e-10
S3,442,1,0,0,True,1.4680143878783413e-10
S3,443,1,0,0,True,1.2258764522610612e-10
S3,444,1,0,0,True,2.3695997832027896e-10
S3,445,1,0,0,True,2.4366705073864937e-10
S3,446,1,0,0,True,7.718436799660318e-10
S3,447,1,0,0,True,2.1045496447517176e-10
S3,448,1,0,0,True,5.189553611105086e-10
S3,449,1,0,0,True,9.6165010750767e-10
S3,450,1,0,0,True,3.136601107565708e-10
S3,451,1,0,0,True,9.118946778989483e-11
S3,452,1,0,0,True,1.1951503518122736e-10
S3,453,1,0,0,True,1.2773676824466613e-12
S3,454,1,0,0,True,0.00023152393821161156
S3,455,1,0,0,True,2.7374181445615276e-05
S3,456,1,0,0,True,0.0002522966180677105
S3,457,1,0,1,False,0.5823499109848848
S3,458,1,0,0,True,0.40444195318616494
S3,459,1,0,1,False,0.8653474976714374
S3,460,1,0,1,False,0.8419889560341134
S3,461,1,0,0,True,0.17296499697738763
S3,462,1,0,0,True,0.30735414992906457
S3,463,1,0,0,True,0.22455351892444245
S3,464,1,0,0,True,0.28351923910985855
S3,465,1,0,0,True,0.07823692385292447
S3,466,1,0,0,True,0.1375148449610792
S3,467,1,0,0,True,0.14693693887305587
S3,468,1,0,0,True,0.2973352911644857
S3,469,1,0,0,True,0.0029606686898775297
S3,470,1,0,0,True,0.008871791629103908
S3,471,1,0,0,True,0.0013684067921430271
S3,472,1,0,0,True,0.0022527826357619757
S3,473,1,0,0,True,0.002956090654257435
S3,474,1,0,0,True,0.017089472147129116
S3,475,1,0,0,True,0.009271091128351732
S3,476,1,0,0,True,0.0037955911856957666
S3,477,1,0,0,True,0.008337022765738673
S3,478,1,0,0,True,0.0038555477992812917
S3,479,1,0,0,True,0.02005990000959446
S3,480,1,0,0,True,0.00010707262490909553
S3,481,1,0,0,True,0.002558258938916827
S3,482,1,0,0,True,0.009202002691630648
S3,483,1,0,0,True,0.0010888737075395393
S3,484,1,0,0,True,0.001504747270265812
S3,485,1,0,0,True,0.0013432086015771802
S3,486,1,0,0,True,0.007058699713308342
S3,487,1,0,0,True,4.113672843700684e-07
S3,488,1,0,0,True,2.497674600720957e-05
S3,489,1,0,0,True,9.34422916581075e-07
S3,490,1,0,0,True,3.620333271746949e-07
S3,491,1,0,0,True,2.2683271587950226e-07
S3,492,1,0,0,True,7.669886730331563e-10
S3,493,1,0,0,True,3.014943976739734e-09
S3,494,1,0,0,True,1.5590929023343437e-09
S3,495,1,0,0,True,4.0447346745143177e-10
S3,496,1,0,0,True,2.1467958680552433e-10
S3,497,1,0,0,True,4.18789504778406e-10
S3,498,1,0,0,True,3.400560572767631e-10
S3,499,1,0,0,True,2.198369720543346e-09
S3,500,1,0,0,True,2.3906011588137024e-10
S3,501,1,0,0,True,2.0412126147927076e-10
S3,502,1,0,0,True,5.466091071359379e-10
S3,503,1,0,0,True,1.9388267521113394e-09
S3,504,1,0,0,True,2.492960645990473e-10
S3,505,1,0,0,True,3.4645653924451253e-10
S3,506,1,0,0,True,3.036257139119391e-11
S3,507,1,0,0,True,1.9951665033002432e-10
S3,508,1,0,0,True,8.736625862915805e-10
S3,509,1,0,0,True,4.251546920065019e-10
S3,510,1,0,0,True,7.21759613862518e-10
S3,511,1,0,0,True,9.421538353867885e-10
S3,512,1,0,0,True,2.210568841353447e-09
S3,513,1,0,0,True,6.5127895859765085e-09
S3,514,1,0,0,True,3.196780494298083e-08
S3,515,1,0,0,True,7.540984494354503e-09
S3,516,1,0,0,True,4.668710136960853e-09
S3,517,1,0,0,True,2.610685500549045e-09
S3,518,1,0,0,True,5.730742129883974e-09
S3,519,1,0,0,True,2.169531201928575e-09
S3,520,1,0,0,True,3.0253745072906964e-09
S3,521,1,0,0,True,8.871556282444283e-09
S3,522,1,0,0,True,2.4890215796169105e-09
S3,523,1,0,0,True,1.9105036688032495e-09
S3,524,1,0,0,True,7.966280396700267e-10
S3,525,1,0,0,True,3.529469537664724e-09
S3,526,1,0,0,True,5.4862435210005075e-11
S3,527,1,0,0,True,4.444358946824299e-09
S3,528,1,0,0,True,6.0417522729122305e-09
S3,529,1,0,0,True,2.1962479648370393e-10
S3,530,1,0,0,True,1.0349171064736712e-10
S3,531,1,0,0,True,1.557035226715516e-11
S3,532,1,0,0,True,1.6821842672624322e-10
S3,533,1,0,0,True,4.683563101324747e-11
S3,534,1,0,0,True,2.7034492141525928e-11
S3,535,1,0,0,True,1.0137786529792722e-10
S3,536,1,0,0,True,1.4874510836465474e-10
S3,537,1,0,0,True,1.6836410739945899e-10
S3,538,1,0,0,True,2.0002459045414188e-10
S3,539,1,0,0,True,1.9887527891554437e-11
S3,540,1,0,0,True,1.5582326070023028e-11
S3,541,1,0,0,True,3.212631951970594e-11
S3,542,1,0,0,True,1.733475515200187e-11
S3,543,1,0,0,True,7.46718077306739e-12
S3,544,1,0,0,True,9.67406040378255e-12
S3,545,1,0,0,True,5.77097910938879e-11
S3,546,1,0,0,True,2.6703760108337704e-11
S3,547,1,0,0,True,5.892863749467185e-12
S3,548,1,0,0,True,6.036551022595002e-11
S3,549,1,0,0,True,4.206460886852169e-11
S3,550,1,0,0,True,4.402230836084361e-11
S3,551,1,0,0,True,2.0365178756495094e-11
S3,552,1,0,0,True,3.8349135766961586e-11
S3,553,1,0,0,True,1.6256612455350102e-11
S3,554,1,0,0,True,5.2822502110652695e-11
S3,555,1,0,0,True,4.072270213731408e-11
S3,556,1,0,0,True,7.384647485112537e-11
S3,557,1,0,0,True,2.7333612482712603e-11
S3,558,1,0,0,True,3.36364095545828e-10
S3,559,1,0,0,True,1.0571111462238076e-10
S3,560,1,0,0,True,8.497379242119317e-11
S3,561,1,0,0,True,1.7179101605346777e-10
S3,562,1,0,0,True,2.129447012692269e-10
S3,563,1,0,0,True,7.34660188873062e-11
S3,564,1,0,0,True,2.174071856633381e-10
S3,565,1,0,0,True,4.679776285755945e-11
S3,566,1,0,0,True,5.304164538874941e-11
S3,567,1,0,0,True,1.283399550482315e-10
S3,568,1,0,0,True,1.208834639373942e-10
S3,569,1,0,0,True,2.50954715723564e-10
S3,570,1,0,0,True,4.055429492949913e-06
S3,571,1,0,0,True,0.00990545537290085
S3,572,1,0,0,True,0.001681374190347028
S3,573,1,0,0,True,0.00010829296791561929
S3,574,1,0,0,True,0.00031047615359596707
S3,575,1,0,0,True,0.00010862097940563697
S3,576,1,0,0,True,0.00014744124515467073
S3,577,1,0,0,True,0.00014871006102657806
S3,578,1,0,0,True,8.172962614779144e-05
S3,579,1,0,0,True,0.00015719277168576667
S3,580,1,0,0,True,0.00045026133926615096
S3,581,1,0,0,True,0.00014801038177772943
S3,582,1,0,0,True,0.0003707193065472916
S3,583,1,0,0,True,0.0005255045106313343
S3,584,1,0,0,True,0.0008229385318420816
S3,585,1,0,0,True,0.0006420968573809376
S3,586,1,0,0,True,0.0002860161597141936
S3,587,1,0,0,True,6.597664452329585e-05
S3,588,1,0,0,True,0.0006265759714773248
S3,589,1,0,0,True,0.0010732102906005439
S3,590,1,0,0,True,0.0004229676734402072
S3,591,1,0,0,True,0.0007376410461305181
S3,592,1,0,0,True,0.0004907377158866383
S3,593,1,0,0,True,0.0005538667985161091
S3,594,1,0,0,True,0.00048363950249800627
S3,595,1,0,0,True,0.0020905437842194453
S3,596,1,0,0,True,0.0003318088988033343
S3,897,2,1,0,False,0.00013818933874374994
S3,898,2,1,0,False,0.20024076898396212
S3,899,2,1,0,False,0.005346847378018881
S3,900,2,1,0,False,0.0013420171105924833
S3,901,2,1,0,False,0.0012416465081997593
S3,902,2,1,0,False,0.0002987249754231921
S3,903,2,1,0,False,3.807024521202601e-05
S3,904,2,1,0,False,0.00028377846815204696
S3,905,2,1,0,False,0.003158385063303664
S3,906,2,1,0,False,3.368750221142214e-05
S3,907,2,1,0,False,1.1966496298277701e-05
S3,908,2,1,0,False,2.959899587455935e-05
S3,909,2,1,0,False,4.884225946810052e-08
S3,910,2,1,0,False,6.065012718853304e-07
S3,911,2,1,0,False,5.603761456023797e-06
S3,912,2,1,0,False,2.6878910679472803e-05
S3,913,2,1,0,False,0.0011841864085210545
S3,914,2,1,0,False,0.10354516818075303
S3,915,2,1,0,False,0.02810090795617672
S3,916,2,1,0,False,0.018940987858102363
S3,917,2,1,0,False,0.00028169300239083375
S3,918,2,1,0,False,6.972737296082975e-05
S3,919,2,1,0,False,0.0011306198961387646
S3,920,2,1,0,False,0.00202950735399219
S3,921,2,1,0,False,1.5231478547689797e-05
S3,922,2,1,0,False,1.5303010664244e-05
S3,923,2,1,0,False,0.008748919446341425
S3,924,2,1,0,False,0.017921059223726825
S3,925,2,1,0,False,0.0016771150956548745
S3,926,2,1,0,False,4.552329937823104e-07
S3,927,2,1,0,False,7.301410975249411e-07
S3,928,2,1,0,False,9.67362682793673e-06
S3,929,2,1,0,False,0.008759492124533065
S3,930,2,1,0,False,2.1409993121465715e-05
S3,931,2,1,0,False,0.12194097093559886
S3,932,2,1,0,False,0.007802813395821976
S3,933,2,1,0,False,3.1688698710448247e-07
S3,934,2,1,0,False,5.667872763408108e-09
S3,935,2,1,0,False,2.1495633244493812e-08
S3,936,2,1,0,False,2.3381821830052555e-07
S3,937,2,1,0,False,2.4766526164689653e-06
S3,938,2,1,0,False,0.0007037357780020406
S3,939,2,1,1,True,0.9975608245492087
S3,940,2,1,1,True,0.9999079317041731
S3,941,2,1,1,True,0.999989235242392
S3,942,2,1,1,True,0.9993694664107192
S3,943,2,1,1,True,0.9998128791354487
S3,944,2,1,1,True,0.9998501430700775
S3,945,2,1,1,True,0.9358898955178911
S3,946,2,1,0,False,0.005759472558453942
S3,947,2,1,1,True,0.7441410894635824
S3,948,2,1,1,True,0.9999994341490632
S3,949,2,1,1,True,0.9999977332016814
S3,950,2,1,1,True,0.9987956240231172
S3,951,2,1,1,True,0.996482639860483
S3,952,2,1,1,True,0.9999999999998244
S3,953,2,1,1,True,0.9999999970587063
S3,954,2,1,1,True,0.9999996621186911
S3,955,2,1,1,True,0.9999849601204086
S3,956,2,1,1,True,0.9999669377341338
S3,957,2,1,1,True,0.9977778435046764
S3,958,2,1,1,True,0.9974023601428966
S3,959,2,1,1,True,0.9892641285039039
S3,960,2,1,1,True,0.9999991963514604
S3,961,2,1,1,True,0.9999994410189208
S3,962,2,1,1,True,0.9999907222679589
S3,963,2,1,1,True,0.9959594316751345
S3,964,2,1,1,True,0.7687369558238699
S3,965,2,1,1,True,0.981311591253431
S3,966,2,1,1,True,0.9945730139069969
S3,967,2,1,1,True,0.6040745451640407
S3,968,2,1,0,False,0.11968441856918713
S3,969,2,1,1,True,0.999839221747157
S3,970,2,1,1,True,0.9999995694145809
S3,971,2,1,1,True,0.9999999999790501
S3,972,2,1,1,True,0.9999999999453653
S3,973,2,1,1,True,0.9998966386162629
S3,974,2,1,1,True,0.9253176610089658
S3,975,2,1,1,True,0.9859446113633025
S3,976,2,1,1,True,0.998883723219401
S3,977,2,1,1,True,0.9999999827672473
S3,978,2,1,1,True,0.999989914816253
S3,979,2,1,1,True,0.9995055748313804
S3,980,2,1,1,True,0.9999016840115157
S3,981,2,1,1,True,0.9984207252598033
S3,982,2,1,0,False,0.14703340451796065
S3,983,2,1,1,True,0.9539836960364816
S3,984,2,1,1,True,0.9061418140433309
S3,985,2,1,1,True,0.6227956547282194
S3,986,2,1,0,False,0.0718307887059078
S3,987,2,1,1,True,0.834802784798556
S3,988,2,1,1,True,0.9999781564291447
S3,989,2,1,1,True,0.9999987595341697
S3,990,2,1,1,True,0.9998709108616964
S3,991,2,1,1,True,0.9998500847269542
S3,992,2,1,1,True,0.9998729847201611
S3,993,2,1,1,True,0.9996066060036803
S3,994,2,1,1,True,0.9999148431480038
S3,995,2,1,1,True,0.9991426827750867
S3,996,2,1,1,True,0.9673108268767578
S3,997,2,1,1,True,0.9999999999957883
S3,998,2,1,1,True,0.999999999998554
S3,999,2,1,1,True,0.9999999771099327
S3,1000,2,1,1,True,0.999988266274033
S3,1001,2,1,1,True,0.9999999677738497
S3,1002,2,1,1,True,0.9977631971375391
S3,1003,2,1,1,True,0.999998847702054
S3,1004,2,1,1,True,0.9972371700867569
S3,1005,2,1,1,True,0.8289272776336929
S3,1006,2,1,1,True,0.9830348235914108
S3,1007,2,1,1,True,0.9951545778647338
S3,1008,2,1,1,True,0.9989822836532591
S3,1009,2,1,1,True,0.9999998565534755
S3,1010,2,1,1,True,0.9999992342437054
S3,1011,2,1,1,True,0.999998938029725
S3,1012,2,1,1,True,0.9999992108340658
S3,1013,2,1,1,True,0.999999233697889
S3,1014,2,1,1,True,0.9999999177460556
S3,1015,2,1,1,True,0.9999906352074338
S3,1016,2,1,1,True,0.9999954017597911
S3,1017,2,1,1,True,0.9999953970666267
S3,1018,2,1,1,True,0.9999752606477771
S3,1019,2,1,1,True,0.9999742527864731
S3,1020,2,1,1,True,0.9999853029669138
S3,1021,2,1,1,True,0.9999956632086742
S3,1022,2,1,1,True,0.9999911845118116
S3,1023,2,1,1,True,0.9999443036375084
S3,1024,2,1,1,True,0.9999237537160157
S3,1025,2,1,1,True,0.9999999979600116
S3,1026,2,1,1,True,0.9999969603168688
S3,1027,2,1,1,True,0.9999842855176456
S3,1028,2,1,1,True,0.9999313406050134
S3,1029,2,1,1,True,0.9998311635844899
S3,1030,2,1,1,True,0.9999690623661637
S3,1031,2,1,1,True,0.9976773584940579
S3,1032,2,1,1,True,0.9999914937401079
S3,1033,2,1,1,True,0.9999114243726325
S3,1034,2,1,1,True,0.9994389876529898
S3,1035,2,1,1,True,0.9997013927458788
S3,1036,2,1,1,True,0.99978120802498
S3,1037,2,1,1,True,0.9991727783624953
S3,1038,2,1,1,True,0.9993468418438166
S3,1039,2,1,1,True,0.9994192356298485
S3,1040,2,1,1,True,0.9968302737022052
S3,1041,2,1,1,True,0.9968877775674411
S3,1042,2,1,1,True,0.9990322895047989
S3,1043,2,1,1,True,0.9993324466506278
S3,1044,2,1,1,True,0.9998608708241139
S3,1045,2,1,1,True,0.9996857572885128
S3,1046,2,1,1,True,0.999367447793583
S3,1047,2,1,1,True,0.9953347017851987
S3,1048,2,1,1,True,0.991864497700844
S3,1049,2,1,1,True,0.9987059852702487
S3,1050,2,1,1,True,0.9924211556992315
S3,1051,2,1,1,True,0.9984032425531136
S3,1052,2,1,1,True,0.9993737434840403
S3,1053,2,1,1,True,0.9982066383832288
S3,1054,2,1,1,True,0.9960845111784813
S3,1055,2,1,1,True,0.9979742809542266
S3,1056,2,1,1,True,0.9959418521011218
S3,1057,2,1,1,True,0.9942174409166401
S3,1058,2,1,1,True,0.9399064482000218
S3,1059,2,1,1,True,0.9813547131845433
S3,1060,2,1,1,True,0.9833355930522383
S3,1061,2,1,1,True,0.9926476557597143
S3,1062,2,1,1,True,0.991994016448385
S3,1063,2,1,1,True,0.9893415333123072
S3,1064,2,1,1,True,0.996819397866013
S3,1065,2,1,1,True,0.9873176554237562
S3,1066,2,1,1,True,0.9804744410114314
S3,1067,2,1,1,True,0.9745012289514489
S3,1068,2,1,1,True,0.9579226819112453
S3,1069,2,1,1,True,0.9821572926514975
S3,1070,2,1,1,True,0.9948421503294199
S3,1071,2,1,1,True,0.9630311076225324
S3,1072,2,1,1,True,0.9570839616184666
S3,1073,2,1,1,True,0.9797576300105808
S3,1074,2,1,1,True,0.9855660990433428
S3,1075,2,1,1,True,0.9282359554177413
S3,1076,2,1,1,True,0.993786929063001
S3,1077,2,1,1,True,0.9722830961740342
S3,1078,2,1,1,True,0.9836839035511323
S3,1079,2,1,1,True,0.9559379886639086
S3,1080,2,1,1,True,0.968360813735295
S3,1081,2,1,1,True,0.949984676451317
S3,1082,2,1,1,True,0.9202450761819152
S3,1083,2,1,1,True,0.9417984947125992
S3,1084,2,1,1,True,0.9486347619769462
S3,1085,2,1,1,True,0.9344706170915463
S3,1086,2,1,1,True,0.9692129596707632
S3,1087,2,1,1,True,0.9176783678293629
S3,1088,2,1,1,True,0.9005650251979139
S3,1089,2,1,1,True,0.967334603890868
S3,1090,2,1,1,True,0.9484939565236337
S3,1091,2,1,1,True,0.9156079764810864
S3,1092,2,1,1,True,0.9762521180308386
S3,1093,2,1,1,True,0.9102839580035101
S3,1094,2,1,1,True,0.9425886782971458
S3,1095,2,1,1,True,0.8875495462937576
S3,1096,2,1,1,True,0.914096048785281
S3,1097,2,1,1,True,0.7106702915332562
S3,1098,2,1,1,True,0.7639860485093671
S3,1099,2,1,1,True,0.7194178834149358
S3,1100,2,1,1,True,0.7623384041872843
S3,1101,2,1,1,True,0.8458343035601015
S3,1102,2,1,1,True,0.8603473616470995
S3,1103,2,1,1,True,0.8273308117073532
S3,1104,2,1,1,True,0.7229085344943966
S3,1105,2,1,1,True,0.6195270069668559
S3,1106,2,1,1,True,0.5398558053909899
S3,1107,2,1,1,True,0.7263707238742647
S3,1108,2,1,1,True,0.7927588323511218
S3,1109,2,1,0,False,0.36665359398115965
S3,1110,2,1,1,True,0.764197769755189
S3,1111,2,1,1,True,0.8148426076179631
S3,1112,2,1,1,True,0.7436437636396458
S3,1113,2,1,1,True,0.8944104215910907
S3,1114,2,1,1,True,0.7760744954668035
S3,1115,2,1,0,False,0.37948991754275646
S3,1116,2,1,0,False,0.37707313282264154
S3,1117,2,1,1,True,0.8119684623291353
S3,1118,2,1,0,False,0.1663501976960424
S3,1119,2,1,1,True,0.5747904873165028
S3,1120,2,1,1,True,0.8449943556926607
S3,1121,2,1,0,False,0.417946227771404
S3,1122,2,1,1,True,0.6454461699666192
S3,1123,2,1,1,True,0.7594811935608387
S3,1124,2,1,1,True,0.9324121929403304
S3,1125,2,1,0,False,0.4217338218850173
S3,1126,2,1,1,True,0.5836848377358389
S3,1127,2,1,1,True,0.597608918602265
S3,1128,2,1,0,False,0.40884623472151843
S3,1129,2,1,0,False,0.35506355287431257
S3,1130,2,1,1,True,0.6086843265973368
S3,1131,2,1,0,False,0.435707481355415
S3,1132,2,1,0,False,0.24454254988189816
S3,1133,2,1,0,False,0.050903438677975345
S3,1134,2,1,0,False,0.42958830345852395
S3,1135,2,1,1,True,0.5246888429863261
S3,1136,2,1,0,False,0.31451584666250465
S3,1137,2,1,0,False,0.30660962124860275
S3,1138,2,1,0,False,0.21422395849003892
S3,1139,2,1,0,False,0.4453928806289409
S3,1140,2,1,0,False,0.4969907731218731
S3,1141,2,1,0,False,0.0972700959070462
S3,1142,2,1,0,False,0.2741437724212116
S3,1143,2,1,0,False,0.32495110414886186
S3,1144,2,1,0,False,0.016107597048597884
S3,1145,2,1,0,False,0.006956468407182126
S3,1146,2,1,0,False,0.006003381640414789
S3,1147,2,1,0,False,0.2765344669988917
S3,1148,2,1,1,True,0.6217116888751113
S3,1149,2,1,1,True,0.5978282039587797
S3,1150,2,1,0,False,0.24350024523944813
S3,1151,2,1,0,False,0.2870696751399294
S3,1152,2,1,0,False,0.37197500985209947
S3,2001,3,0,0,True,0.26073629412334715
S3,2002,3,0,0,True,3.741643987697615e-05
S3,2003,3,0,0,True,4.952289256444588e-08
S3,2004,3,0,1,False,0.9841006800380945
S3,2005,3,0,1,False,0.9763353187227556
S3,2006,3,0,0,True,0.009371282512741112
S3,2007,3,0,0,True,0.0018038672775214195
S3,2008,3,0,0,True,4.965967130587922e-05
S3,2009,3,0,0,True,6.339205123344672e-07
S3,2010,3,0,0,True,1.384815318691845e-09
S3,2011,3,0,0,True,1.5586233951327032e-09
S3,2012,3,0,0,True,4.955242148469106e-10
S3,2013,3,0,0,True,7.921683211127387e-10
S3,2014,3,0,0,True,1.8191081898485196e-08
S3,2015,3,0,0,True,1.6209065783984503e-09
S3,2016,3,0,0,True,2.34939796129195e-09
S3,2017,3,0,0,True,1.4582579571883113e-09
S3,2018,3,0,0,True,1.0991980839540687e-09
S3,2019,3,0,0,True,1.033165266135598e-10
S3,2020,3,0,0,True,8.039745489821751e-10
S3,2021,3,0,0,True,7.364581475436774e-10
S3,2022,3,0,0,True,8.561564515012828e-11
S3,2023,3,0,0,True,6.613103260549637e-09
S3,2024,3,0,0,True,9.488263136362527e-09
S3,2025,3,0,0,True,4.546334336547279e-10
S3,2026,3,0,0,True,7.38699836602757e-06
S3,2027,3,0,0,True,7.176182535266973e-07
S3,2028,3,0,0,True,3.4782814728304564e-09
S3,2029,3,0,0,True,1.3602681235072106e-09
S3,2030,3,0,0,True,1.217665038845626e-09
S3,2031,3,0,0,True,5.6902179966647184e-09
S3,2032,3,0,0,True,3.2669129967930824e-09
S3,2033,3,0,0,True,1.5038342085703446e-09
S3,2034,3,0,0,True,2.9089985548535415e-09
S3,2035,3,0,0,True,4.4321484167620615e-10
S3,2036,3,0,0,True,5.061441166212265e-10
S3,2037,3,0,0,True,4.4979889979021733e-10
S3,2038,3,0,0,True,7.636316103231977e-10
S3,2039,3,0,0,True,9.910536300110082e-10
S3,2040,3,0,0,True,2.1371606084002117e-09
S3,2041,3,0,0,True,1.9639904932979925e-09
S3,2042,3,0,0,True,1.3866206566798171e-09
S3,2043,3,0,0,True,2.1173935419646577e-10
S3,2044,3,0,0,True,4.637073012668368e-10
S3,2045,3,0,0,True,1.3573875064012979e-09
S3,2046,3,0,0,True,9.003490738087746e-10
S3,2047,3,0,0,True,1.1061621588999165e-09
S3,2048,3,0,0,True,4.4808343250677834e-10
S3,2049,3,0,0,True,8.421470521795725e-10
S3,2050,3,0,0,True,1.053080846946703e-09
S3,2051,3,0,0,True,2.151934422249323e-07
S3,2052,3,0,0,True,0.001776176419144485
S3,2053,3,0,0,True,0.09466609789268715
S3,2054,3,0,0,True,0.005166724046938368
S3,2055,3,0,0,True,0.03240056901504636
S3,2056,3,0,0,True,0.23358386795977173
S3,2057,3,0,0,True,0.09291836557074919
S3,2058,3,0,0,True,0.03035704180220078
S3,2059,3,0,0,True,0.006581113691446874
S3,2060,3,0,0,True,0.06171253051108434
S3,2061,3,0,0,True,0.015407863027028276
S3,2062,3,0,0,True,0.19000939860809404
S3,2063,3,0,0,True,0.033145887198949224
S3,2064,3,0,1,False,0.9772142908723745
S3,2065,3,0,1,False,0.7458849778291348
S3,2066,3,0,1,False,0.9672972134479294
S3,2067,3,0,1,False,0.9275273400245798
S3,2068,3,0,0,True,0.32379610754779686
S3,2069,3,0,0,True,0.16936676888752103
S3,2070,3,0,0,True,0.19850139176586987
S3,2071,3,0,0,True,0.004596469084609248
S3,2072,3,0,0,True,0.00995725422306714
S3,2073,3,0,0,True,0.10009797622095117
S3,2074,3,0,0,True,0.09177318021066358
S3,2075,3,0,0,True,0.005111863134757587
S3,2076,3,0,0,True,0.040532647661126395
S3,2077,3,0,0,True,0.09263568485271588
S3,2078,3,0,0,True,0.01872292368972858
S3,2079,3,0,0,True,0.011235028616738422
S3,2080,3,0,0,True,0.0063187764095816315
S3,2081,3,0,0,True,0.00404314918796312
S3,2082,3,0,0,True,0.045005530993637924
S3,2083,3,0,0,True,0.021324611433147195
S3,2084,3,0,0,True,0.004769424843766004
S3,2085,3,0,0,True,0.016064250033927616
S3,2086,3,0,0,True,2.878174249072219e-26
S3,2087,3,0,1,False,0.6250814870086944
S3,2088,3,0,0,True,0.21559781733733888
S3,2089,3,0,0,True,0.06415017463220898
S3,2090,3,0,0,True,0.00451923736723922
S3,2091,3,0,0,True,1.113052206378949e-05
S3,2092,3,0,0,True,2.035345836867036e-08
S3,2093,3,0,0,True,3.425181249834063e-09
S3,2094,3,0,0,True,5.207126209437852e-09
S3,2095,3,0,0,True,3.226360767127884e-09
S3,2096,3,0,0,True,4.80503862532426e-09
S3,2097,3,0,0,True,1.668225039352923e-09
S3,2098,3,0,0,True,2.1066514122894935e-09
S3,2099,3,0,0,True,1.2362343764770442e-09
S3,2100,3,0,0,True,7.737389007934781e-10
S3,2101,3,0,0,True,1.8643216970340655e-09
S3,2102,3,0,0,True,1.2561720789062583e-09
S3,2103,3,0,0,True,3.75702706524135e-09
S3,2104,3,0,0,True,5.998509813743455e-09
S3,2105,3,0,0,True,4.951164054327796e-09
S3,2106,3,0,0,True,2.231632945381002e-09
S3,2107,3,0,0,True,5.589437226606931e-09
S3,2108,3,0,0,True,8.108347524726796e-10
S3,2109,3,0,0,True,7.066499785573091e-09
S3,2110,3,0,0,True,5.98657602335769e-10
S3,2111,3,0,0,True,2.225936172856126e-08
S3,2112,3,0,0,True,3.582012714335307e-10
S3,2113,3,0,0,True,1.2491114718018104e-10
S3,2114,3,0,0,True,4.5685137181546265e-12
S3,2115,3,0,0,True,9.836898649871818e-11
S3,2116,3,0,0,True,2.4165615214878774e-10
S3,2117,3,0,0,True,1.250394417314211e-10
S3,2118,3,0,0,True,1.7841256210971238e-10
S3,2119,3,0,0,True,1.1517787554945051e-10
S3,2120,3,0,0,True,7.508558161498755e-11
S3,2121,3,0,0,True,6.330097633435615e-11
S3,2122,3,0,0,True,5.896151468994278e-11
S3,2123,3,0,0,True,3.412737409597188e-10
S3,2124,3,0,0,True,2.62449981223367e-10
S3,2125,3,0,0,True,1.5764800309796937e-10
S3,2126,3,0,0,True,1.9483464676650007e-11
S3,2127,3,0,0,True,4.7109035052628376e-11
S3,2128,3,0,0,True,1.676126333560823e-10
S3,2129,3,0,0,True,5.8165636778475455e-11
S3,2130,3,0,0,True,8.977091820192315e-11
S3,2131,3,0,0,True,1.550684348064452e-10
S3,2132,3,0,0,True,2.835130582483446e-10
S3,2133,3,0,0,True,2.76985384629294e-11
S3,2134,3,0,0,True,6.862106055111806e-11
S3,2135,3,0,0,True,7.722664212943965e-11
S3,2136,3,0,0,True,2.345059492706091e-10
S3,2137,3,0,0,True,6.743492246457611e-11
S3,2138,3,0,0,True,7.07998742533482e-11
S3,2139,3,0,0,True,8.439336171671991e-11
S3,2140,3,0,0,True,1.228131207151174e-10
S3,2141,3,0,0,True,1.7810041253374106e-11
S3,2142,3,0,0,True,1.0765358313191642e-10
S3,2143,3,0,0,True,6.489468251733912e-08
S3,2144,3,0,0,True,2.7330736452472546e-09
S3,2145,3,0,0,True,1.9213450427925508e-08
S3,2146,3,0,0,True,5.112167044195765e-09
S3,2147,3,0,0,True,5.0255367342691164e-08
S3,2148,3,0,0,True,4.919908610101042e-08
S3,2149,3,0,0,True,1.646369768837328e-08
S3,2150,3,0,0,True,4.438525509629271e-09
